-- phpMyAdmin SQL Dump
-- version 5.1.1
-- https://www.phpmyadmin.net/
--
-- Servidor: 127.0.0.1
-- Tiempo de generación: 22-09-2021 a las 19:09:35
-- Versión del servidor: 10.4.20-MariaDB
-- Versión de PHP: 7.3.29

SET SQL_MODE = "NO_AUTO_VALUE_ON_ZERO";
START TRANSACTION;
SET time_zone = "+00:00";


/*!40101 SET @OLD_CHARACTER_SET_CLIENT=@@CHARACTER_SET_CLIENT */;
/*!40101 SET @OLD_CHARACTER_SET_RESULTS=@@CHARACTER_SET_RESULTS */;
/*!40101 SET @OLD_COLLATION_CONNECTION=@@COLLATION_CONNECTION */;
/*!40101 SET NAMES utf8mb4 */;

--
-- Base de datos: `semmarplataforma`
--

-- --------------------------------------------------------

--
-- Estructura de tabla para la tabla `banco`
--

CREATE TABLE `banco` (
  `id_banco` int(11) NOT NULL,
  `nombre_banco` varchar(50) DEFAULT NULL,
  `moneda_banco` varchar(50) DEFAULT NULL,
  `tipo_cuenta_banco` varchar(50) DEFAULT NULL
) ENGINE=InnoDB DEFAULT CHARSET=utf8mb4;

--
-- Volcado de datos para la tabla `banco`
--

INSERT INTO `banco` (`id_banco`, `nombre_banco`, `moneda_banco`, `tipo_cuenta_banco`) VALUES
(1, 'SCOTIABANK SOLES', 'Soles', 'Ahorros'),
(2, 'SCOTIABANK DOLARES', 'Dolares', 'Ahorros');

-- --------------------------------------------------------

--
-- Estructura de tabla para la tabla `beneficiario`
--

CREATE TABLE `beneficiario` (
  `id_beneficiario` int(11) NOT NULL,
  `nombre_ben` varchar(50) DEFAULT NULL
) ENGINE=InnoDB DEFAULT CHARSET=utf8mb4;

--
-- Volcado de datos para la tabla `beneficiario`
--

INSERT INTO `beneficiario` (`id_beneficiario`, `nombre_ben`) VALUES
(1, 'CLIENTE'),
(2, 'PROVEEDOR');

-- --------------------------------------------------------

--
-- Estructura de tabla para la tabla `categoriabanco`
--

CREATE TABLE `categoriabanco` (
  `id_cat_banco` int(11) NOT NULL,
  `id_banco` int(11) DEFAULT NULL,
  `nombre_cate` varchar(50) DEFAULT NULL,
  `monto_actual` decimal(18,2) DEFAULT NULL,
  `monto_retirado` decimal(18,2) DEFAULT NULL
) ENGINE=InnoDB DEFAULT CHARSET=utf8mb4;

--
-- Volcado de datos para la tabla `categoriabanco`
--

INSERT INTO `categoriabanco` (`id_cat_banco`, `id_banco`, `nombre_cate`, `monto_actual`, `monto_retirado`) VALUES
(1, 1, 'COMISION SOLES', '22911.00', '0.00'),
(2, 2, 'COMISION', '4000.00', '1000.00');

-- --------------------------------------------------------

--
-- Estructura de tabla para la tabla `cotizacion`
--

CREATE TABLE `cotizacion` (
  `id_cotizacion` varchar(20) NOT NULL,
  `cod_cot` varchar(30) DEFAULT NULL,
  `fecha_cot` varchar(25) DEFAULT NULL,
  `nombre_cot` varchar(50) DEFAULT NULL,
  `nota_cot` longtext DEFAULT NULL,
  `estado_cot` varchar(50) DEFAULT NULL
) ENGINE=InnoDB DEFAULT CHARSET=utf8mb4;

-- --------------------------------------------------------

--
-- Estructura de tabla para la tabla `cotizacioncliente`
--

CREATE TABLE `cotizacioncliente` (
  `id_cotcli` varchar(20) NOT NULL,
  `cod_cot` varchar(50) DEFAULT NULL,
  `id_persona` int(11) DEFAULT NULL,
  `cantidad_cotcli` int(11) DEFAULT NULL,
  `subtotal_cotcli` decimal(18,2) DEFAULT NULL,
  `igv_cotcli` decimal(18,2) DEFAULT NULL,
  `total_cotcli` decimal(18,2) DEFAULT NULL,
  `moneda_cotcli` varchar(20) DEFAULT NULL,
  `nota_cotcli` longtext DEFAULT NULL,
  `fecha_cotcli` varchar(25) DEFAULT NULL,
  `estado` varchar(20) DEFAULT NULL
) ENGINE=InnoDB DEFAULT CHARSET=utf8mb4;

--
-- Volcado de datos para la tabla `cotizacioncliente`
--

INSERT INTO `cotizacioncliente` (`id_cotcli`, `cod_cot`, `id_persona`, `cantidad_cotcli`, `subtotal_cotcli`, `igv_cotcli`, `total_cotcli`, `moneda_cotcli`, `nota_cotcli`, `fecha_cotcli`, `estado`) VALUES
('COT-11190671', '9238329832', 5, 1, '29100.00', '0.00', '29100.00', 'Soles', 'CONDICIONES Y TERMINOS\r\n- VALIDEZ DE LA OFERTA: 3 DIAS\r\n- LOS PRECIOS INCLUYEN EL IGV\r\n- TIEMPO DE ENTREGA: 25 DIAS\r\n- FORMA DE PAGO: CREDITO COMERCIAL 30 DIAS\r\n- MONEDA: SOLES\r\n                    ', '2021-09-22 11:43:26', 'Aceptada');

-- --------------------------------------------------------

--
-- Estructura de tabla para la tabla `detallecotizacion`
--

CREATE TABLE `detallecotizacion` (
  `id_detalle_cot` int(11) NOT NULL,
  `id_persona` int(11) DEFAULT NULL,
  `cod_det_cot` varchar(50) DEFAULT NULL,
  `id_cotizacion` varchar(20) DEFAULT NULL,
  `cantidad_det` int(11) DEFAULT NULL,
  `unidad_det` varchar(30) DEFAULT NULL,
  `desc_det` longtext DEFAULT NULL
) ENGINE=InnoDB DEFAULT CHARSET=utf8mb4;

-- --------------------------------------------------------

--
-- Estructura de tabla para la tabla `detallecotizacioncliente`
--

CREATE TABLE `detallecotizacioncliente` (
  `id_detalle_cot_cli` int(11) NOT NULL,
  `id_cotcli` varchar(20) DEFAULT NULL,
  `desc_det_cotcli` longtext DEFAULT NULL,
  `unidad_det_cotcli` varchar(20) DEFAULT NULL,
  `cantidad_det_cotcli` int(11) DEFAULT NULL,
  `precio_det_cotcli` decimal(18,2) DEFAULT NULL
) ENGINE=InnoDB DEFAULT CHARSET=utf8mb4;

--
-- Volcado de datos para la tabla `detallecotizacioncliente`
--

INSERT INTO `detallecotizacioncliente` (`id_detalle_cot_cli`, `id_cotcli`, `desc_det_cotcli`, `unidad_det_cotcli`, `cantidad_det_cotcli`, `precio_det_cotcli`) VALUES
(1, 'COT-11190671', 'ALISTAMIENTO DE CHUMACERAS', 'C/U', 1, '29100.00');

-- --------------------------------------------------------

--
-- Estructura de tabla para la tabla `detalleorden`
--

CREATE TABLE `detalleorden` (
  `id_detalle_orden` int(11) NOT NULL,
  `id_orden` varchar(20) DEFAULT NULL,
  `id_persona` int(11) DEFAULT NULL,
  `cantidad_ord` int(11) DEFAULT NULL,
  `unidad_ord` varchar(25) DEFAULT NULL,
  `desc_ord` longtext DEFAULT NULL,
  `precio_uni` decimal(18,2) DEFAULT NULL,
  `precio_total` decimal(18,2) DEFAULT NULL
) ENGINE=InnoDB DEFAULT CHARSET=utf8mb4;

-- --------------------------------------------------------

--
-- Estructura de tabla para la tabla `distribucioncostos`
--

CREATE TABLE `distribucioncostos` (
  `id_dis` int(11) NOT NULL,
  `id_ordencli` varchar(20) NOT NULL,
  `id_cat_banco` int(11) DEFAULT NULL,
  `desc_dis` longtext DEFAULT NULL,
  `precio_dis` decimal(18,2) DEFAULT NULL,
  `moneda_dis` varchar(20) DEFAULT NULL,
  `tipo_cambio_dis` decimal(18,2) DEFAULT NULL,
  `categoria_dis` varchar(50) DEFAULT NULL,
  `fecha_dis` varchar(20) DEFAULT NULL
) ENGINE=InnoDB DEFAULT CHARSET=utf8mb4;

--
-- Volcado de datos para la tabla `distribucioncostos`
--

INSERT INTO `distribucioncostos` (`id_dis`, `id_ordencli`, `id_cat_banco`, `desc_dis`, `precio_dis`, `moneda_dis`, `tipo_cambio_dis`, `categoria_dis`, `fecha_dis`) VALUES
(1, 'ORD16676421', 1, 'MANO DE OBRA', '3000.00', 'Soles', '0.00', 'Materiales', '2021-09-22 11:34:12'),
(2, 'ORD16676421', 1, 'INSUMOS', '800.00', 'Soles', '1.00', 'Materiales', '2021-09-22 11:34:32'),
(3, 'ORD16676421', 2, 'MATERIALES', '1000.00', 'Dolares', '4.10', 'Materiales', '2021-09-22 11:36:12'),
(4, 'ORD69771962', 1, 'MANO DE OBRA', '3000.00', 'Soles', '1.00', 'Materiales', '2021-09-22 11:46:09'),
(5, 'ORD69771962', 1, 'INSUMOS', '3500.00', 'Soles', '1.00', 'Materiales', '2021-09-22 11:46:22'),
(6, 'ORD69771962', 1, 'EPPS', '2600.00', 'Soles', '1.00', 'Materiales', '2021-09-22 11:46:49');

-- --------------------------------------------------------

--
-- Estructura de tabla para la tabla `distribuciongastos`
--

CREATE TABLE `distribuciongastos` (
  `id_distribucion_gastos` int(11) NOT NULL,
  `id_ordencli` varchar(20) DEFAULT NULL,
  `id_banco` int(11) DEFAULT NULL,
  `desc_gasto` varchar(50) DEFAULT NULL,
  `monto_gasto` decimal(18,2) DEFAULT NULL,
  `fecha_gasto` varchar(25) DEFAULT NULL
) ENGINE=InnoDB DEFAULT CHARSET=utf8mb4;

-- --------------------------------------------------------

--
-- Estructura de tabla para la tabla `email`
--

CREATE TABLE `email` (
  `id_email` int(11) NOT NULL,
  `id_persona` int(11) DEFAULT NULL,
  `email` varchar(30) DEFAULT NULL
) ENGINE=InnoDB DEFAULT CHARSET=utf8mb4;

--
-- Volcado de datos para la tabla `email`
--

INSERT INTO `email` (`id_email`, `id_persona`, `email`) VALUES
(1, 1, ''),
(2, 2, 'JOSEq@GMAIL.COM'),
(3, 3, 'JOS@GMADKSD.CPM'),
(4, 4, 'JKKJDSS@GI.COM'),
(5, 5, 'DJJD@GMAIL.COM');

-- --------------------------------------------------------

--
-- Estructura de tabla para la tabla `estadoordencliente`
--

CREATE TABLE `estadoordencliente` (
  `id_estado` int(11) NOT NULL,
  `nombre_estado` varchar(50) DEFAULT NULL
) ENGINE=InnoDB DEFAULT CHARSET=utf8mb4;

--
-- Volcado de datos para la tabla `estadoordencliente`
--

INSERT INTO `estadoordencliente` (`id_estado`, `nombre_estado`) VALUES
(1, 'INICIADO'),
(2, 'EJECUCION'),
(3, 'FACTURACION'),
(4, 'CANCELADO');

-- --------------------------------------------------------

--
-- Estructura de tabla para la tabla `ordencliente`
--

CREATE TABLE `ordencliente` (
  `id_ordencli` varchar(20) NOT NULL,
  `id_cotcli` varchar(20) DEFAULT NULL,
  `id_persona` int(11) DEFAULT NULL,
  `id_numero_orden` int(11) DEFAULT NULL,
  `igv_ordencli` decimal(18,2) DEFAULT NULL,
  `subtotal_ordencli` decimal(18,2) DEFAULT NULL,
  `moneda_ordencli` varchar(20) DEFAULT NULL,
  `total_ordencli` decimal(18,2) DEFAULT NULL,
  `pago_efectivo_ordencli` decimal(18,2) DEFAULT NULL,
  `tipo_servicio` varchar(50) DEFAULT NULL,
  `numero_guia` varchar(20) DEFAULT NULL,
  `fecha_ordencli` varchar(20) DEFAULT NULL,
  `fecha_factura` varchar(20) DEFAULT NULL,
  `id_estado` int(11) DEFAULT NULL
) ENGINE=InnoDB DEFAULT CHARSET=utf8mb4;

--
-- Volcado de datos para la tabla `ordencliente`
--

INSERT INTO `ordencliente` (`id_ordencli`, `id_cotcli`, `id_persona`, `id_numero_orden`, `igv_ordencli`, `subtotal_ordencli`, `moneda_ordencli`, `total_ordencli`, `pago_efectivo_ordencli`, `tipo_servicio`, `numero_guia`, `fecha_ordencli`, `fecha_factura`, `id_estado`) VALUES
('ORD16676421', NULL, 4, 1, '0.00', '15000.00', 'Soles', '15000.00', '15576.00', 'Fabricación', '778', '2021-09-22 11:33:12', '', 4),
('ORD69771962', 'COT-11190671', 5, 2, '0.00', '29100.00', 'Soles', '29100.00', '29100.00', 'Fabricación', '0', '2021-09-22 11:44:27', '', 4);

-- --------------------------------------------------------

--
-- Estructura de tabla para la tabla `ordencompra`
--

CREATE TABLE `ordencompra` (
  `id_orden` varchar(20) NOT NULL,
  `nombre_ord` longtext DEFAULT NULL,
  `fecha_ord` varchar(20) DEFAULT NULL,
  `subtotal_ord` decimal(18,2) DEFAULT NULL,
  `igv_ord` decimal(18,2) DEFAULT NULL,
  `total_ord` decimal(18,2) DEFAULT NULL,
  `nota_ord` longtext DEFAULT NULL,
  `estado_ord` varchar(20) DEFAULT NULL
) ENGINE=InnoDB DEFAULT CHARSET=utf8mb4;

-- --------------------------------------------------------

--
-- Estructura de tabla para la tabla `persona`
--

CREATE TABLE `persona` (
  `id_persona` int(11) NOT NULL,
  `id_tipo_persona` int(11) DEFAULT NULL,
  `id_beneficiario` int(11) DEFAULT NULL,
  `razon_social` varchar(50) DEFAULT NULL,
  `representante` varchar(50) DEFAULT NULL,
  `ruc` varchar(20) DEFAULT NULL,
  `telefono` varchar(50) DEFAULT NULL,
  `estado` varchar(20) DEFAULT NULL
) ENGINE=InnoDB DEFAULT CHARSET=utf8mb4;

--
-- Volcado de datos para la tabla `persona`
--

INSERT INTO `persona` (`id_persona`, `id_tipo_persona`, `id_beneficiario`, `razon_social`, `representante`, `ruc`, `telefono`, `estado`) VALUES
(1, 1, 2, 'HAYDUK S.A.C.', 'JPO', '', '', 'Activo'),
(2, 1, 2, 'HAYDUK', 'JOSE CISNEROS', '3289238', '8', 'Activo'),
(3, 1, 2, 'HAYDUK', 'JOSSE', '23892389', '898989', 'Activo'),
(4, 1, 1, 'INDURA', 'NSKSVN', '0320320', '00230320', 'Activo'),
(5, 1, 1, 'CASA GRANDE', 'NOMBVRE', 'IWEIEWIEWI', 'JEDJDJEDJ', 'Activo');

-- --------------------------------------------------------

--
-- Estructura de tabla para la tabla `sysdiagrams`
--

CREATE TABLE `sysdiagrams` (
  `name` varchar(128) CHARACTER SET utf8 NOT NULL,
  `principal_id` int(11) NOT NULL,
  `diagram_id` int(11) NOT NULL,
  `version` int(11) DEFAULT NULL,
  `definition` longblob DEFAULT NULL
) ENGINE=InnoDB DEFAULT CHARSET=utf8mb4;

--
-- Volcado de datos para la tabla `sysdiagrams`
--

INSERT INTO `sysdiagrams` (`name`, `principal_id`, `diagram_id`, `version`, `definition`) VALUES
('Diagram_0', 1, 1, 1, 0xd0cf11e0a1b11ae1000000000000000000000000000000003e000300feff0900060000000000000000000000010000000100000000000000001000003400000001000000feffffff0000000000000000fffffffffffffffffffffffffffffffffffffffffffffffffffffffffffffffffffffffffffffffffffffffffffffffffffffffffffffffffffffffffffffffffffffffffffffffffffffffffffffffffffffffffffffffffffffffffffffffffffffffffffffffffffffffffffffffffffffffffffffffffffffffffffffffffffffffffffffffffffffffffffffffffffffffffffffffffffffffffffffffffffffffffffffffffffffffffffffffffffffffffffffffffffffffffffffffffffffffffffffffffffffffffffffffffffffffffffffffffffffffffffffffffffffffffffffffffffffffffffffffffffffffffffffffffffffffffffffffffffffffffffffffffffffffffffffffffffffffffffffffffffffffffffffffffffffffffffffffffffffffffffffffffffffffffffffffffffffffffffffffffffffffffffffffffffffffffffffffffffffffffffffffffffffffffffffffffffffffffffffffffffffffffffffffffffffffffffffffffffffffffffffffffffffffffffffffffffffffffffffffffffffffffffffffffffffffffffffffffffffffffffffffffffffffffffffffffdffffff36000000030000000400000005000000060000000700000008000000090000000a0000000b0000000c0000000d000000feffffff0f000000100000001100000012000000130000001400000015000000160000001700000018000000190000001a0000001b0000001c0000001d0000001e0000001f000000200000002100000022000000230000002400000025000000260000002700000028000000290000002a0000002b0000002c0000002d0000002e0000002f00000030000000310000003200000033000000fefffffffeffffff55000000feffffff38000000390000003a0000003b0000003c0000003d0000003e0000003f000000400000004100000042000000430000004400000045000000460000004700000048000000490000004a0000004b0000004c0000004d0000004e0000004f0000005000000051000000520000005300000054000000feffffff5600000057000000feffffffffffffffffffffffffffffffffffffffffffffffffffffffffffffffffffffffffffffffffffffffffffffffffffffffffffffffffffffffffffffffffffffffffffffffffffffffffffffffffffffffffffffffffffffffffffffffffffffffffffffffffffffffffffffffffffffffffffffffffffffffffffffffffffffffffffffffffffffffffffffffffffffffffffffffffffffffffffffffffffffff52006f006f007400200045006e00740072007900000000000000000000000000000000000000000000000000000000000000000000000000000000000000000016000500ffffffffffffffff0200000000000000000000000000000000000000000000000000000000000000b0afbb71c6afd7013500000080070000000000006600000000000000000000000000000000000000000000000000000000000000000000000000000000000000000000000000000000000000000000000000000004000201ffffffffffffffffffffffff00000000000000000000000000000000000000000000000000000000000000000000000002000000fe160000000000006f000000000000000000000000000000000000000000000000000000000000000000000000000000000000000000000000000000000000000000000000000000040002010100000004000000ffffffff0000000000000000000000000000000000000000000000000000000000000000000000000e0000005b4b000000000000010043006f006d0070004f0062006a0000000000000000000000000000000000000000000000000000000000000000000000000000000000000000000000000012000201ffffffffffffffffffffffff000000000000000000000000000000000000000000000000000000000000000000000000000000005f00000000000000000430000a1e100c050000804e0000000f00ffff4e000000007d0000825600002f3d0000bcb60000239c0000edbcffff7cb8ffffde805b10f195d011b0a000aa00bdcb5c000008003000000000020000030000003c006b0000000900000000000000d9e6b0e91c81d011ad5100a0c90f5739f43b7f847f61c74385352986e1d552f8a0327db2d86295428d98273c25a2da2d00002800430000000000000053444dd2011fd1118e63006097d2df4834c9d2777977d811907000065b840d9c00002800430000000000000051444dd2011fd1118e63006097d2df4834c9d2777977d811907000065b840d9c470000000c16000000c7010d00003000a509000007000080010000009c020000008000000500008053636847726964007cfcffff5aa6ffff42616e636f69640000003c00a50900000700008002000000b40200000080000011000080536368477269640046baffff48a9ffff436f74697a6163696f6e436c69656e746500000000003400a50900000700008003000000a6020000008000000a00008053636847726964007699ffffbce9ffff436f74697a6163696f6e000000003c00a50900000700008004000000b40200000080000011000080536368477269640014a1ffff32ceffff646574616c6c65636f74697a6163696f6e00000000003c00a50900000700008005000000b60200000080000012000080536368477269640014ecffff16dbffff446973747269627563696f6e436f73746f73000000003c00a50900000700008006000000b60200000080000012000080536368477269640052eaffff0c9affff446973747269627563696f6e476173746f73000000003400a50900000700008007000000aa020000008000000c00008053636847726964004cd2ffff22c0ffff4f7264656e436c69656e746500003400a50900000700008008000000a8020000008000000b000080536368477269640022c0ffff2ef0ffff4f7264656e436f6d7072610000003400a50900000700008009000000aa020000008000000c0000805363684772696400baafffffbce9ffff446574616c6c654f7264656e00003000a5090000070000800a000000a002000000800000070000805363684772696400909dffff12b2ffff706572736f6e610000003400a5090000070000800b000000a8020000008000000b00008053636847726964002086ffff7cb1ffff5469706f506572736f6e616500003400a5090000070000800c000000aa020000008000000c0000805363684772696400a489ffff6eddffff42656e65666963696172696f00007400a5090000070000800d00000062000000018000004b000080436f6e74726f6c00cd9affffd6c7ffff52656c6174696f6e736869702027666b5f706572736f6e615f62656e65666963696172696f27206265747765656e202742656e65666963696172696f2720616e642027706572736f6e61270000002800b5010000070000800e000000310000006100000002800000436f6e74726f6c001f9effffafd4ffff00007400a5090000070000800f000000620000000180000049000080436f6e74726f6c002d98ffff2db1ffff52656c6174696f6e736869702027666b5f706572736f6e615f7469706f706572736f6e6127206265747765656e20275469706f506572736f6e612720616e642027706572736f6e612761270000002800b50100000700008010000000310000005f00000002800000436f6e74726f6c00978dffff23b3ffff00007c00a50900000700008011000000520000000180000053000080436f6e74726f6c0021bfffff77edffff52656c6174696f6e736869702027666b5f646574616c6c656f7264656e5f6f7264656e636f6d70726127206265747765656e20274f7264656e436f6d7072612720616e642027446574616c6c654f7264656e276e00002800b50100000700008012000000310000006900000002800000436f6e74726f6c00d1afffff89f8ffff00007400a509000007000080130000005a000000018000004b000080436f6e74726f6c0083afffff81c8ffff52656c6174696f6e736869702027666b5f646574616c6c656f7264656e5f706572736f6e6127206265747765656e2027706572736f6e612720616e642027446574616c6c654f7264656e270000002800b50100000700008014000000310000006100000002800000436f6e74726f6c0047b4ffff42d1ffff00008800a509000007000080160000006a000000018000005f000080436f6e74726f6c0080c1ffff83c4ffff52656c6174696f6e736869702027666b5f6f7264656e636c69656e74655f636f74697a6163696f6e636c69656e746527206265747765656e2027436f74697a6163696f6e436c69656e74652720616e6420274f7264656e436c69656e7465270000002800b50100000700008017000000310000007500000002800000436f6e74726f6c00f7c2ffffadc6ffff00007400a5090000070000801900000052000000018000004b000080436f6e74726f6c0083afffff81c8ffff52656c6174696f6e736869702027666b5f6f7264656e636c69656e74655f706572736f6e6127206265747765656e2027706572736f6e612720616e6420274f7264656e436c69656e7465270000002800b5010000070000801a000000310000006100000002800000436f6e74726f6c00cabaffffc7caffff00008000a5090000070000801b000000520000000180000055000080436f6e74726f6c001ba7ffffdac7ffff52656c6174696f6e736869702027666b5f646574616c6c65636f74697a6163696f6e5f706572736f6e6127206265747765656e2027706572736f6e612720616e642027646574616c6c65636f74697a6163696f6e2700000000002800b5010000070000801c000000310000006b00000002800000436f6e74726f6c005a98ffffb6cbffff00008400a5090000070000801d00000052000000018000005b000080436f6e74726f6c001ba7ffff7be1ffff52656c6174696f6e736869702027666b5f646574616c6c65636f74697a6163696f6e5f636f74697a6163696f6e27206265747765656e2027436f74697a6163696f6e2720616e642027646574616c6c65636f74697a6163696f6e270000002800b5010000070000801e000000310000007100000002800000436f6e74726f6c007497ffff4de6ffff00007c00a50900000700008021000000520000000180000053000080436f6e74726f6c007bfbffffa3a3ffff52656c6174696f6e736869702027666b5f646973747269627563696f6e676173746f735f62616e636f27206265747765656e202742616e636f2720616e642027446973747269627563696f6e476173746f73270000002800b50100000700008022000000310000006900000002800000436f6e74726f6c0012edffff9ba9ffff00008000a50900000700008023000000520000000180000055000080436f6e74726f6c0083afffff67c4ffff52656c6174696f6e736869702027666b5f636f74697a6163696f6e636c69656e74655f706572736f6e6127206265747765656e2027706572736f6e612720616e642027436f74697a6163696f6e436c69656e74652700000000002800b50100000700008024000000310000006b00000002800000436f6e74726f6c00b6adffffadc6ffff00008800a509000007000080250000006a0000000180000060000080436f6e74726f6c0080c1ffff19c5ffff52656c6174696f6e736869702027666b5f6f7264656e636c69656e74655f636f74697a6163696f6e636c69656e74653127206265747765656e2027436f74697a6163696f6e436c69656e74652720616e6420274f7264656e436c69656e74652700002800b50100000700008026000000310000007700000002800000436f6e74726f6c00b6c2ffff43c7ffff00008c00a50900000700008027000000620000000180000061000080436f6e74726f6c0059e4ffff1de1ffff52656c6174696f6e736869702027666b5f646973747269627563696f6e636f73746f735f6f7264656e636c69656e746527206265747765656e20274f7264656e436c69656e74652720616e642027446973747269627563696f6e436f73746f732700000000002800b50100000700008028000000310000007700000002800000436f6e74726f6c0003eaffffade0ffff00008c00a509000007000080290000006a0000000180000061000080436f6e74726f6c004bd1ffff51abffff52656c6174696f6e736869702027666b5f646973747269627563696f6e676173746f735f6f7264656e636c69656e746527206265747765656e20274f7264656e436c69656e74652720616e642027446973747269627563696f6e476173746f732700000000002800b5010000070000802a000000310000007700000002800000436f6e74726f6c00cacbffff83b5ffff00007c00a5090000070000802b000000520000000180000054000080436f6e74726f6c007bfbffffa3a3ffff52656c6174696f6e736869702027666b5f646973747269627563696f6e676173746f735f62616e636f3127206265747765656e202742616e636f2720616e642027446973747269627563696f6e476173746f732700002800b5010000070000802c000000310000006b00000002800000436f6e74726f6c0064ecffff9ba9ffff00003000a5090000070000802d0000009c020000008000000500008053636847726964008a85ffffc0c7ffff456d61696c69640000006800a5090000070000802e00000052000000018000003d000080436f6e74726f6c009797ffffbfc6ffff52656c6174696f6e736869702027666b5f656d61696c5f706572736f6e6127206265747765656e2027706572736f6e612720616e642027456d61696c2700000000002800b5010000070000802f000000310000005300000002800000436f6e74726f6c006e96ffff4fc6ffff00003c00a50900000700008030000000b602000000800000120000805363684772696400f4cfffff96b5ffff45737461646f4f7264656e436c69656e7465000000008c00a50900000700008031000000520000000180000061000080436f6e74726f6c0015daffff7cbcffff52656c6174696f6e736869702027666b5f6f7264656e636c69656e74655f65737461646f6f7264656e636c69656e746527206265747765656e202745737461646f4f7264656e436c69656e74652720616e6420274f7264656e436c69656e74652700793f00002800b50100000700008032000000310000007700000002800000436f6e74726f6c009dc7ffffffbeffff00003800a50900000700008033000000ae020000008000000e0000805363684772696400def4ffff08bcffff43617465676f72696142616e636f000000007400a5090000070000803700000052000000018000004b000080436f6e74726f6c004504000036b2ffff52656c6174696f6e736869702027666b5f63617465676f72696162616e636f5f62616e636f27206265747765656e202742616e636f2720616e64202743617465676f72696142616e636f270000002800b50100000700008038000000310000006100000002800000436f6e74726f6c0035f7ffffcfb7ffff00003800a50900000700008039000000ac020000008000000d0000805363684772696400fae7ffffa6c3ffff5472616e73616363696f6e657309000000008400a5090000070000803a00000052000000018000005b000080436f6e74726f6c00ddf3ffffebc0ffff52656c6174696f6e736869702027464b5f5472616e73616363696f6e65735f43617465676f72696142616e636f27206265747765656e202743617465676f72696142616e636f2720616e6420275472616e73616363696f6e6573270000002800b5010000070000803b000000310000007100000002800000436f6e74726f6c00d8e1ffffb2c7ffff00004000a5090000070000803c000000c202000000800000180000805363684772696400d6a2ffffb2a8ffff446574616c6c65436f74697a6163696f6e436c69656e74650000a000a5090000070000803d000000520000000180000077000080436f6e74726f6c00e3b4ffff61acffff52656c6174696f6e736869702027666b5f646574616c6c65636f74697a6163696f6e636c69656e74655f636f74697a6163696f6e636c69656e746527206265747765656e2027436f74697a6163696f6e436c69656e74652720616e642027446574616c6c65436f74697a6163696f6e436c69656e7465270000002800b5010000070000803e000000310000008d00000002800000436f6e74726f6c002dacfffff1abffff00003c00a5090000070000803f000000b802000000800000130000805363684772696400c201000070ccffff446574616c6c654f7264656e436c69656e74650000008c00a50900000700008040000000520000000180000063000080436f6e74726f6c0059e4ffffc7cdffff52656c6174696f6e736869702027666b5f646574616c6c656f7264656e636c69656e74655f6f7264656e636c69656e746527206265747765656e20274f7264656e436c69656e74652720616e642027446574616c6c654f7264656e436c69656e7465270000002800b50100000700008041000000310000007900000002800000436f6e74726f6c0002eaffff0dd0ffff00009000a50900000700008042000000520000000180000065000080436f6e74726f6c00e5faffff5fcaffff52656c6174696f6e736869702027666b5f646973747269627563696f6e636f73746f735f63617465676f72696162616e636f27206265747765656e202743617465676f72696142616e636f2720616e642027446973747269627563696f6e436f73746f732700803f00002800b50100000700008043000000310000007b00000002800000436f6e74726f6c0086e7ffff6ad3ffff00003000a50900000700008044000000a002000000800000070000805363684772696400b2a8ffffacdbffff5573756172696f0000003000a50900000700008045000000a20200000080000008000080536368477269640010c3ffff20d1ffff4e756d4f7264656e00003800a50900000700008046000000ac020000008000000d00008053636847726964007ac2ffff9a93ffff5061676f50726f766565646f7209000000007800a5090000070000804700000062000000018000004d000080436f6e74726f6c0083afffffdfa4ffff52656c6174696f6e736869702027464b5f5061676f50726f766565646f725f706572736f6e6127206265747765656e2027706572736f6e612720616e6420275061676f50726f766565646f722700000000002800b50100000700008048000000310000006300000002800000436f6e74726f6c6e60c0ffff57b3ffff00008400a5090000070000804900000062000000018000005b000080436f6e74726f6c0087d4ffffdfa4ffff52656c6174696f6e736869702027464b5f5061676f50726f766565646f725f43617465676f72696142616e636f27206265747765656e202743617465676f72696142616e636f2720616e6420275061676f50726f766565646f72276500002800b5010000070000804a000000310000007100000002800000436f6e74726f6c006aecffff03a9ffff00008000a5090000070000804b000000520000000180000057000080436f6e74726f6c0059e4ffffa5c2ffff52656c6174696f6e736869702027464b5f5472616e73616363696f6e65735f4f7264656e436c69656e746527206265747765656e20274f7264656e436c69656e74652720616e6420275472616e73616363696f6e6573270000002800b5010000070000804c000000310000006d00000002800000436f6e74726f6c0008deffffebc4ffff00007800a5090000070000804d00000052000000018000004d000080436f6e74726f6c6e83afffffa5c2ffff52656c6174696f6e736869702027464b5f5472616e73616363696f6e65735f706572736f6e6127206265747765656e2027706572736f6e612720616e6420275472616e73616363696f6e65732700000000002800b5010000070000804e000000310000006300000002800000436f6e74726f6c6ef5c4ffffebc4ffff000000000000000000000000000000000000000000000000000000000000000000000000000000000000000000000000000000000000000000000000000000000000000000000000000000000000000000000000000000000000000000000000000000000000000000000000000000000000000000000000000000000000000000000000000000000000000000000000000000000000000000000000000000000000000000000000000000000000000000000000000000000000000000000000000000000000000000000000000000000000000000000000000000000000000000000000000000000000000000000000000000000000000000000000000000000000214334120800000039130000930e0000785634120700000014010000420061006e0063006f0000000000000000000000c422000000000000c5220000000000000000000000000000000000002a000000000000000000000000000000000000000000000000000000000000000000000000000000000000000000000000000000000000000000000000000000000000000000000000000000000000000000000000000000000000000000000000000000000000000000000000000000000000000000000000000000000000000000000000000000000000000000000000000000000000000000000000000000000000000000000000000000000000000000000000000000000000000000000000000000000000000100000005000000540000002c0000002c0000002c00000034000000000000000000000022290000f3100000000000002d0100000d0000000c000000070000001c0100000609000062070000480300001a040000df020000ec04000027060000b103000027060000cb07000055050000000000000100000039130000930e000000000000030000000300000002000000020000001c010000150900000000000001000000391300003403000000000000000000000000000002000000020000001c010000060900000100000000000000391300003403000000000000000000000000000002000000020000001c010000060900000000000000000000d13100000923000000000000000000000d00000004000000040000001c01000006090000aa0a00009006000078563412040000005400000001000000010000000b000000000000000100000002000000030000000400000005000000060000000700000008000000090000000a00000004000000640062006f00000006000000420061006e0063006f000000214334120800000039130000f01f000078563412070000001401000043006f00740069007a006100630069006f006e0043006c00690065006e007400650000009a99993e000000000000000000000000a9a8a83e0000003f000000000000000000000000adac2c3e3333333f000000000000000000000000e1e0603d6666663f000000000000000000000000c1c0403c0000803f00000000000000000000000000000000000000000000000000000000000000000000000000000000000000000000000000000000000000000000000000000000000000000000000000000000000000000000000000000000000000000000000000000000000000000000000000000000000000000000000000000000000000000100000005000000540000002c0000002c0000002c00000034000000000000000000000022290000562c0000000000002d0100000d0000000c000000070000001c0100000609000062070000480300001a040000df020000ec04000027060000b103000027060000cb07000055050000000000000100000039130000f01f0000000000000c0000000c00000002000000020000001c010000150900000000000001000000391300003403000000000000000000000000000002000000020000001c010000060900000100000000000000391300003403000000000000000000000000000002000000020000001c010000060900000000000000000000d13100000923000000000000000000000d00000004000000040000001c01000006090000aa0a00009006000078563412040000006c00000001000000010000000b000000000000000100000002000000030000000400000005000000060000000700000008000000090000000a00000004000000640062006f0000001200000043006f00740069007a006100630069006f006e0043006c00690065006e007400650000002143341208000000391300008913000078563412070000001401000043006f00740069007a006100630069006f006e000000563fdcdb5b3feae9693f0000803f0000803fd7d6563fdcdb5b3feae9693f0000803f0000000000000000000000000000000000000000000000000000000000000000000000000000000000000000000000000000000000000000000000000000000000000000000000000000000000000000000000000000000000000000000000000000000000000000000000000000000000000000000000000000000000000000000000000000000000000000000000000000000000000000000000000000000000000000000000000000000000000000000000000000000000000000000000000100000005000000540000002c0000002c0000002c0000003400000000000000000000002229000064180000000000002d0100000d0000000c000000070000001c0100000609000062070000480300001a040000df020000ec04000027060000b103000027060000cb070000550500000000000001000000391300008913000000000000060000000600000002000000020000001c010000150900000000000001000000391300003403000000000000000000000000000002000000020000001c010000060900000100000000000000391300003403000000000000000000000000000002000000020000001c010000060900000000000000000000d13100000923000000000000000000000d00000004000000040000001c01000006090000aa0a00009006000078563412040000005e00000001000000010000000b000000000000000100000002000000030000000400000005000000060000000700000008000000090000000a00000004000000640062006f0000000b00000043006f00740069007a006100630069006f006e0000002143341208000000391300000416000078563412070000001401000064006500740061006c006c00650063006f00740069007a006100630069006f006e0000000000803fd7d6563fdcdb5b3feae9693f0000803f0000000000000000000000000000000000000000000000000000000000000000000000000000000000000000000000000000000000000000000000000000000000000000000000000000000000000000000000000000000000000000000000000000000000000000000000000000000000000000000000000000000000000000000000000000000000000000000000000000000000000000000000000000000000000000000000000000000000000000000000000000000000000000000000000100000005000000540000002c0000002c0000002c0000003400000000000000000000002229000009230000000000002d0100000d0000000c000000070000001c0100000609000062070000480300001a040000df020000ec04000027060000b103000027060000cb070000550500000000000001000000391300000416000000000000070000000700000002000000020000001c010000150900000000000001000000391300003403000000000000000000000000000002000000020000001c010000060900000100000000000000391300003403000000000000000000000000000002000000020000001c010000060900000000000000000000d13100000923000000000000000000000d00000004000000040000001c01000006090000aa0a00009006000078563412040000006c00000001000000010000000b000000000000000100000002000000030000000400000005000000060000000700000008000000090000000a00000004000000640062006f0000001200000064006500740061006c006c00650063006f00740069007a006100630069006f006e000000214334120800000022290000df1a000078563412070000001401000044006900730074007200690062007500630069006f006e0043006f00730074006f0073000000803fd7d6563fdcdb5b3feae9693f0000803f0000003f000000000000000000000000adac2c3e3333333f000000000000000000000000e1e0603d6666663f000000000000000000000000c1c0403c0000803f00000000000000000000000000000000000000000000000000000000000000000000000000000000000000000000000000000000000000000000000000000000000000000000000000000000000000000000000000000000000000000000000000000000000000000000000000000000000000000000000000000000000000000000000005000000540000002c0000002c0000002c00000034000000000000000000000022290000df1a0000000000002d0100000d0000000c000000070000001c0100000609000062070000480300001a040000df020000ec04000027060000b103000027060000cb070000550500000000000001000000391300000416000000000000050000000500000002000000020000001c010000150900000000000001000000391300003403000000000000000000000000000002000000020000001c010000060900000100000000000000391300003403000000000000000000000000000002000000020000001c010000060900000000000000000000d13100000923000000000000000000000d00000004000000040000001c01000006090000aa0a00009006000078563412040000006e00000001000000010000000b000000000000000100000002000000030000000400000005000000060000000700000008000000090000000a00000004000000640062006f0000001300000044006900730074007200690062007500630069006f006e0043006f00730074006f00730000002143341208000000391300002814000078563412070000001401000044006900730074007200690062007500630069006f006e0047006100730074006f00730000000000004070400000000000c070400000000000001440000000000000f03f00000000000000000000000001000000010000000000000000000000000000000000000000000000000000000000000000000000000000000000000000000000000000000000f03f0000000000000000983b47720000000000000000a03c4772d85847727040a81e7040a81e020000000200000000000000000000000090ee100000000002000000000020410000824300002041008084430000a0400000824300000000000000000000000000000000000000000100000005000000540000002c0000002c0000002c0000003400000000000000000000002229000009230000000000002d0100000d0000000c000000070000001c0100000609000062070000480300001a040000df020000ec04000027060000b103000027060000cb070000550500000000000001000000391300002814000000000000060000000600000002000000020000001c010000150900000000000001000000391300003403000000000000000000000000000002000000020000001c010000060900000100000000000000391300003403000000000000000000000000000002000000020000001c010000060900000000000000000000d13100000923000000000000000000000d00000004000000040000001c01000006090000aa0a00009006000078563412040000006e00000001000000010000000b000000000000000100000002000000030000000400000005000000060000000700000008000000090000000a00000004000000640062006f0000001300000044006900730074007200690062007500630069006f006e0047006100730074006f0073000000214334120800000039130000612700007856341207000000140100004f007200640065006e0043006c00690065006e007400650000000000ce630200000000000000000000000000000000002b000000000000000000000000000000000000000000000000000000000000000000000000000000000000000000000000000000000000000000000000000000000000000000000000000000000000000000000000000000000000000000000000000000000000000000000000000000000000000000000000000000000000000000000000000000000000000000000000000000000000000000000000000000000000000000000000000000000000000000000000000000000000000000000000000000000000000100000005000000540000002c0000002c0000002c00000034000000000000000000000022290000c1290000000000002d0100000d0000000c000000070000001c0100000609000062070000480300001a040000df020000ec04000027060000b103000027060000cb0700005505000000000000010000003913000061270000000000000e0000000c00000002000000020000001c010000150900000000000001000000391300003403000000000000000000000000000002000000020000001c010000060900000100000000000000391300003403000000000000000000000000000002000000020000001c010000060900000000000000000000d13100000923000000000000000000000d00000004000000040000001c01000006090000aa0a00009006000078563412040000006200000001000000010000000b000000000000000100000002000000030000000400000005000000060000000700000008000000090000000a00000004000000640062006f0000000d0000004f007200640065006e0043006c00690065006e007400650000002143341208000000391300007f1800007856341207000000140100004f007200640065006e0043006f006d007000720061000000000000000000000000000000000000000000000000000000006071400000000000407040000000000000f03f00000000000000000000000001000000010000000000000000000000000000000000000000000000000000000000000000000000000000000000000000000000000000000000f03f0000000000000000983b47720000000000000000a03c4772d8584772583cfb0a583cfb0a020000000200000000000000000000000092ee10000000000200000000000000000000000000000000008243000082c30000000000000000000000000000000000000000000000000100000005000000540000002c0000002c0000002c0000003400000000000000000000002229000009230000000000002d0100000d0000000c000000070000001c0100000609000062070000480300001a040000df020000ec04000027060000b103000027060000cb070000550500000000000001000000391300007f18000000000000080000000800000002000000020000001c010000150900000000000001000000391300003403000000000000000000000000000002000000020000001c010000060900000100000000000000391300003403000000000000000000000000000002000000020000001c010000060900000000000000000000d13100000923000000000000000000000d00000004000000040000001c01000006090000aa0a00009006000078563412040000006000000001000000010000000b000000000000000100000002000000030000000400000005000000060000000700000008000000090000000a00000004000000640062006f0000000c0000004f007200640065006e0043006f006d0070007200610000002143341208000000391300007f18000078563412070000001401000044006500740061006c006c0065004f007200640065006e0000005b3feae9693f0000803f0000803fd7d6563fdcdb5b3feae9693f0000803f0000000000000000000000000000000000000000000000000000000000000000000000000000000000000000000000000000000000000000000000000000000000000000000000000000000000000000000000000000000000000000000000000000000000000000000000000000000000000000000000000000000000000000000000000000000000000000000000000000000000000000000000000000000000000000000000000000000000000000000000000000000000000000000000000100000005000000540000002c0000002c0000002c0000003400000000000000000000002229000009230000000000002d0100000d0000000c000000070000001c0100000609000062070000480300001a040000df020000ec04000027060000b103000027060000cb070000550500000000000001000000391300007f18000000000000080000000800000002000000020000001c010000150900000000000001000000391300003403000000000000000000000000000002000000020000001c010000060900000100000000000000391300003403000000000000000000000000000002000000020000001c010000060900000000000000000000d13100000923000000000000000000000d00000004000000040000001c01000006090000aa0a00009006000078563412040000006200000001000000010000000b000000000000000100000002000000030000000400000005000000060000000700000008000000090000000a00000004000000640062006f0000000d00000044006500740061006c006c0065004f007200640065006e00000021433412080000001f1300007f18000078563412070000001401000070006500720073006f006e00610000001081f80a843dfb0a000000000000000000000000000000000000000000000000006071400000000000407040000000000000f03f00000000000000000000000001000000010000000000000000000000000000000000000000000000000000000000000000000000000000000000000000000000000000000000f03f0000000000000000983b47720000000000000000a03c4772d8584772a03dfb0aa03dfb0a02000000020000000000000000000000c090ee10000000000200000000000000000000000000000000008243000082c30000000000000000000000000000000000000000000000000100000005000000540000002c0000002c0000002c0000003400000000000000000000002229000009230000000000002d0100000d0000000c000000070000001c0100000609000062070000480300001a040000df020000ec04000027060000b103000027060000cb0700005505000000000000010000001f1300007f18000000000000080000000800000002000000020000001c010000060900000000000001000000391300003403000000000000000000000000000002000000020000001c010000060900000100000000000000391300003403000000000000000000000000000002000000020000001c010000060900000000000000000000d13100000923000000000000000000000d00000004000000040000001c01000006090000aa0a00009006000078563412040000005800000001000000010000000b000000000000000100000002000000030000000400000005000000060000000700000008000000090000000a00000004000000640062006f0000000800000070006500720073006f006e00610000002143341208000000391300009d0900007856341207000000140100005400690070006f0050006500720073006f006e0061000000dcdb5b3feae9693f0000803f0000803fd7d6563fdcdb5b3feae9693f0000803f0000000000000000000000000000000000000000000000000000000000000000000000000000000000000000000000000000000000000000000000000000000000000000000000000000000000000000000000000000000000000000000000000000000000000000000000000000000000000000000000000000000000000000000000000000000000000000000000000000000000000000000000000000000000000000000000000000000000000000000000000000000000000000000000000100000005000000540000002c0000002c0000002c0000003400000000000000000000002229000009230000000000002d0100000d0000000c000000070000001c0100000609000062070000480300001a040000df020000ec04000027060000b103000027060000cb070000550500000000000001000000391300009d09000000000000020000000200000002000000020000001c010000150900000000000001000000391300003403000000000000000000000000000002000000020000001c010000060900000100000000000000391300003403000000000000000000000000000002000000020000001c010000060900000000000000000000d13100000923000000000000000000000d00000004000000040000001c01000006090000aa0a00009006000078563412040000006000000001000000010000000b000000000000000100000002000000030000000400000005000000060000000700000008000000090000000a00000004000000640062006f0000000c0000005400690070006f0050006500720073006f006e00610000002143341208000000391300009d090000785634120700000014010000420065006e00650066006900630069006100720069006f0000000000bf310500000000000000000000000000000000002a000000000000000000000000000000000000000000000000000000000000000000000000000000000000000000000000000000000000000000000000000000000000000000000000000000000000000000000000000000000000000000000000000000000000000000000000000000000000000000000000000000000000000000000000000000000000000000000000000000000000000000000000000000000000000000000000000000000000000000000000000000000000000000000000000000000000000100000005000000540000002c0000002c0000002c0000003400000000000000000000002229000009230000000000002d0100000d0000000c000000070000001c0100000609000062070000480300001a040000df020000ec04000027060000b103000027060000cb070000550500000000000001000000391300009d09000000000000020000000200000002000000020000001c010000150900000000000001000000391300003403000000000000000000000000000002000000020000001c010000060900000100000000000000391300003403000000000000000000000000000002000000020000001c010000060900000000000000000000d13100000923000000000000000000000d00000004000000040000001c01000006090000aa0a00009006000078563412040000006200000001000000010000000b000000000000000100000002000000030000000400000005000000060000000700000008000000090000000a00000004000000640062006f0000000d000000420065006e00650066006900630069006100720069006f00000004000b00649cffff6eddffff649cffff00d4ffff269effff00d4ffff269effff91caffff0000000002000000f0f0f00000000000000000000000000000000000010000000e000000000000001f9effffafd4fffff40c00005801000033000000010000020000f40c000058010000020000000000050000800800008001000000150001000000900144420100065461686f6d61170066006b005f0070006500720073006f006e0061005f00620065006e00650066006900630069006100720069006f0004000b005999ffff46baffff749bffff46baffff749bffffa8b2ffff909dffffa8b2ffff0000000002000000f0f0f00000000000000000000000000000000000010000001000000000000000978dffff23b3ffff2e0d0000580100003d0000000100000200002e0d000058010000020000000000050000800800008001000000150001000000900144420100065461686f6d61160066006b005f0070006500720073006f006e0061005f007400690070006f0070006500720073006f006e00610002000b00b8c0ffff2ef0ffffb8c0ffff3b0200000000000002000000f0f0f00000000000000000000000000000000000010000001200000000000000d1afffff89f8ffff3810000058010000320000000100000200003810000058010000020000000000050000800800008001000000150001000000900144420100065461686f6d611b0066006b005f0064006500740061006c006c0065006f007200640065006e005f006f007200640065006e0063006f006d0070007200610003000b00afb0ffff18caffff7ac2ffff18caffff7ac2ffffbce9ffff0000000002000000f0f0f0000000000000000000000000000000000001000000140000000000000047b4ffff42d1ffff840d00005801000032000000010000020000840d000058010000020000000000050000800800008001000000150001000000900144420100065461686f6d61170066006b005f0064006500740061006c006c0065006f007200640065006e005f0070006500720073006f006e00610005000b003cc4ffff38c9ffff3cc4ffffc8caffffacc2ffffc8caffffacc2fffffec5ffff4cd2fffffec5ffff0000000002000000f0f0f00000000000000000000000000000000000010000001700000000000000f7c2ffffadc6ffffcc110000580100002b000000010000020000cc11000058010000020000000000050000800800008001000000150001000000900144420100065461686f6d61210066006b005f006f007200640065006e0063006c00690065006e00740065005f0063006f00740069007a006100630069006f006e0063006c00690065006e007400650002000b00afb0ffff18caffff4cd2ffff18caffff0000000002000000f0f0f00000000000000000000000000000000000010000001a00000000000000cabaffffc7caffff680d00005801000032000000010000020000680d000058010000020000000000050000800800008001000000150001000000900144420100065461686f6d61170066006b005f006f007200640065006e0063006c00690065006e00740065005f0070006500720073006f006e00610002000b00b2a8ffff91caffffb2a8ffff32ceffff0000000002000000f0f0f00000000000000000000000000000000000010000001c000000000000005a98ffffb6cbffffa90f00005801000032000000010000020000a90f000058010000020000000000050000800800008001000000150001000000900144420100065461686f6d611c0066006b005f0064006500740061006c006c00650063006f00740069007a006100630069006f006e005f0070006500720073006f006e00610002000b00b2a8ffffbce9ffffb2a8ffff36e4ffff0000000002000000f0f0f00000000000000000000000000000000000010000001e000000000000007497ffff4de6ffff8f10000058010000320000000100000200008f10000058010000020000000000050000800800008001000000150001000000900144420100065461686f6d611f0066006b005f0064006500740061006c006c00650063006f00740069007a006100630069006f006e005f0063006f00740069007a006100630069006f006e0002000b0012fdffff5aa6ffff12fdffff34aeffff0000000002000000f0f0f0000000000000000000000000000000000001000000220000000000000012edffff9ba9ffff510f00005801000032000000010000020000510f000058010000020000000000050000800800008001000000150001000000900144420100065461686f6d611b0066006b005f0064006900730074007200690062007500630069006f006e0067006100730074006f0073005f00620061006e0063006f0002000b00afb0fffffec5ffff46bafffffec5ffff0000000002000000f0f0f00000000000000000000000000000000000010000002400000000000000b6adffffadc6ffff8b0f000058010000320000000100000200008b0f000058010000020000000000050000800800008001000000150001000000900144420100065461686f6d611c0066006b005f0063006f00740069007a006100630069006f006e0063006c00690065006e00740065005f0070006500720073006f006e00610005000b003cc4ffff38c9ffff3cc4ffffc8caffffacc2ffffc8caffffacc2ffff94c6ffff4cd2ffff94c6ffff0000000002000000f0f0f00000000000000000000000000000000000010000002600000000000000b6c2ffff43c7ffff79120000580100002c0000000100000200007912000058010000020000000000050000800800008001000000150001000000900144420100065461686f6d61220066006b005f006f007200640065006e0063006c00690065006e00740065005f0063006f00740069007a006100630069006f006e0063006c00690065006e0074006500310004000b0085e5ffffb4e2ffff84eaffffb4e2ffff84eaffff4ae3ffff14ecffff4ae3ffff0000000002000000f0f0f0000000000000000000000000000000000001000000280000000000000003eaffffade0ffff9612000058010000370000000100000200009612000058010000020000000000050000800800008001000000150001000000900144420100065461686f6d61220066006b005f0064006900730074007200690062007500630069006f006e0063006f00730074006f0073005f006f007200640065006e0063006c00690065006e007400650005000b00e2d2ffff22c0ffffe2d2ffff8ab7ffff12e4ffff8ab7ffff12e4ffffccacffff52eaffffccacffff0000000002000000f0f0f00000000000000000000000000000000000010000002a00000000000000cacbffff83b5ffffb31200005801000031000000010000020000b312000058010000020000000000050000800800008001000000150001000000900144420100065461686f6d61220066006b005f0064006900730074007200690062007500630069006f006e0067006100730074006f0073005f006f007200640065006e0063006c00690065006e007400650002000b0012fdffff5aa6ffff12fdffff34aeffff0000000002000000f0f0f00000000000000000000000000000000000010000002c0000000000000064ecffff9ba9ffffff0f00005801000032000000010000020000ff0f000058010000020000000000050000800800008001000000150001000000900144420100065461686f6d611c0066006b005f0064006900730074007200690062007500630069006f006e0067006100730074006f0073005f00620061006e0063006f0031002143341208000000391300003a0d000078563412070000001401000045006d00610069006c000000737c000000000000697c000000000000747c00000000000000000000000000000000000029000000000000000000000000000000000000000000000000000000000000000000000000000000000000000000000000000000000000000000000000000000000000000000000000000000000000000000000000000000000000000000000000000000000000000000000000000000000000000000000000000000000000000000000000000000000000000000000000000000000000000000000000000000000000000000000000000000000000000000000000000000000000000000000000000000000000000100000005000000540000002c0000002c0000002c0000003400000000000000000000002229000009230000000000002d0100000d0000000c000000070000001c0100000609000062070000480300001a040000df020000ec04000027060000b103000027060000cb070000550500000000000001000000391300003a0d000000000000030000000300000002000000020000001c010000150900000000000001000000391300003403000000000000000000000000000002000000020000001c010000060900000100000000000000391300003403000000000000000000000000000002000000020000001c010000060900000000000000000000d13100000923000000000000000000000d00000004000000040000001c01000006090000aa0a00009006000078563412040000005400000001000000010000000b000000000000000100000002000000030000000400000005000000060000000700000008000000090000000a00000004000000640062006f0000000600000045006d00610069006c00000002000b00909dffff56c8ffffc398ffff56c8ffff0000000002000000f0f0f00000000000000000000000000000000000010000002f000000000000006e96ffff4fc6ffff7709000058010000320000000100000200007709000058010000020000000000050000800800008001000000150001000000900144420100065461686f6d61100066006b005f0065006d00610069006c005f0070006500720073006f006e0061002143341208000000391300009d090000785634120700000014010000450073007400610064006f004f007200640065006e0043006c00690065006e007400650000000000004070400000000000c070400000000000001440000000000000f03f00000000000000000000000001000000010000000000000000000000000000000000000000000000000000000000000000000000000000000000000000000000000000000000f03f0000000000000000983b226d0000000000000000a03c226dd858226d585ee90f585ee90f0200000002000000000000000000000078cdba0f0000000002000000000020410000824300002041008084430000a0400000824300000000000000000000000000000000000000000100000005000000540000002c0000002c0000002c0000003400000000000000000000002229000009230000000000002d0100000d0000000c000000070000001c0100000609000062070000480300001a040000df020000ec04000027060000b103000027060000cb070000550500000000000001000000391300009d09000000000000020000000200000002000000020000001c010000150900000000000001000000391300003403000000000000000000000000000002000000020000001c010000060900000100000000000000391300003403000000000000000000000000000002000000020000001c010000060900000000000000000000d13100000923000000000000000000000d00000004000000040000001c01000006090000aa0a00009006000078563412040000006e00000001000000010000000b000000000000000100000002000000030000000400000005000000060000000700000008000000090000000a00000004000000640062006f00000013000000450073007400610064006f004f007200640065006e0043006c00690065006e0074006500000002000b00acdbffff33bfffffacdbffff22c0ffff0000000002000000f0f0f000000000000000000000000000000000000100000032000000000000009dc7ffffffbeffff6013000058010000310000000100000200006013000058010000020000000000050000800800008001000000150001000000900144420100065461686f6d61220066006b005f006f007200640065006e0063006c00690065006e00740065005f00650073007400610064006f006f007200640065006e0063006c00690065006e00740065002143341208000000391300000e110000785634120700000014010000430061007400650067006f00720069006100420061006e0063006f0000000000000000000000000000000000000000002a000000000000000000000000000000000000000000000000000000000000000000000000000000000000000000000000000000000000000000000000000000000000000000000000000000000000000000000000000000000000000000000000000000000000000000000000000000000000000000000000000000000000000000000000000000000000000000000000000000000000000000000000000000000000000000000000000000000000000000000000000000000000000000000000000000000000000100000005000000540000002c0000002c0000002c0000003400000000000000000000002229000009230000000000002d0100000d0000000c000000070000001c0100000609000062070000480300001a040000df020000ec04000027060000b103000027060000cb070000550500000000000001000000391300000e11000000000000050000000500000002000000020000001c010000150900000000000001000000391300003403000000000000000000000000000002000000020000001c010000060900000100000000000000391300003403000000000000000000000000000002000000020000001c010000060900000000000000000000d13100000923000000000000000000000d00000004000000040000001c01000006090000aa0a00009006000078563412040000006600000001000000010000000b000000000000000100000002000000030000000400000005000000060000000700000008000000090000000a00000004000000640062006f0000000f000000430061007400650067006f00720069006100420061006e0063006f00000002000b00dc050000edb4ffffdc05000008bcffff0000000002000000f0f0f0000000000000000000000000000000000001000000380000000000000035f7ffffcfb7fffff80d00005801000032000000010000020000f80d000058010000020000000000050000800800008001000000150001000000900144420100065461686f6d61170066006b005f00630061007400650067006f00720069006100620061006e0063006f005f00620061006e0063006f00214334120800000039130000041600007856341207000000140100005400720061006e00730061006300630069006f006e00650073000000eae9693f0000803f0000803fd7d6563fdcdb5b3feae9693f0000803f0000000000000000000000000000000000000000000000000000000000000000000000000000000000000000000000000000000000000000000000000000000000000000000000000000000000000000000000000000000000000000000000000000000000000000000000000000000000000000000000000000000000000000000000000000000000000000000000000000000000000000000000000000000000000000000000000000000000000000000000000000000000000000000000000100000005000000540000002c0000002c0000002c00000034000000000000000000000022290000e9150000000000002d0100000d0000000c000000070000001c0100000609000062070000480300001a040000df020000ec04000027060000b103000027060000cb070000550500000000000001000000391300000416000000000000050000000500000002000000020000001c010000150900000000000001000000391300003403000000000000000000000000000002000000020000001c010000060900000100000000000000391300003403000000000000000000000000000002000000020000001c010000060900000000000000000000d13100000923000000000000000000000d00000004000000040000001c01000006090000aa0a00009006000078563412040000006400000001000000010000000b000000000000000100000002000000030000000400000005000000060000000700000008000000090000000a00000004000000640062006f0000000e0000005400720061006e00730061006300630069006f006e0065007300000002000b0074f5ffff16cdffff74f5ffffa6c3ffff0000000002000000f0f0f00000000000000000000000000000000000010000003b00000000000000d8e1ffffb2c7ffffed1200005801000032000000010000020000ed12000058010000020000000000ffffff000800008001000000150001000000900144420100065461686f6d611f0046004b005f005400720061006e00730061006300630069006f006e00650073005f00430061007400650067006f00720069006100420061006e0063006f002143341208000000391300008913000078563412070000001401000044006500740061006c006c00650043006f00740069007a006100630069006f006e0043006c00690065006e007400650000000000000000000000000000000000000000000000000000000000000000000000000000000000000000000000000000000000000000000000000000000000000000000000000000000000000000000000000000000000000000000000000000000000000000000000000000000000000000000000000000000000000000000000000000000000000000000000000000000000000000000000000000000000000000000000000000000000000000000000000000000000000000000000000000000000000000000100000005000000540000002c0000002c0000002c0000003400000000000000000000002229000009230000000000002d0100000d0000000c000000070000001c0100000609000062070000480300001a040000df020000ec04000027060000b103000027060000cb070000550500000000000001000000391300008913000000000000060000000600000002000000020000001c010000150900000000000001000000391300003403000000000000000000000000000002000000020000001c010000060900000100000000000000391300003403000000000000000000000000000002000000020000001c010000060900000000000000000000d13100000923000000000000000000000d00000004000000040000001c01000006090000aa0a00009006000078563412040000007a00000001000000010000000b000000000000000100000002000000030000000400000005000000060000000700000008000000090000000a00000004000000640062006f0000001900000044006500740061006c006c00650043006f00740069007a006100630069006f006e0043006c00690065006e0074006500000002000b0046bafffff8adffff0fb6fffff8adffff0000000002000000f0f0f00000000000000000000000000000000000010000003e000000000000002dacfffff1abffff8b17000058010000310000000100000200008b17000058010000020000000000ffffff000800008001000000150001000000900144420100065461686f6d612d0066006b005f0064006500740061006c006c00650063006f00740069007a006100630069006f006e0063006c00690065006e00740065005f0063006f00740069007a006100630069006f006e0063006c00690065006e00740065002143341208000000391300008913000078563412070000001401000044006500740061006c006c0065004f007200640065006e0043006c00690065006e00740065000000000000000000000029000000000000000000000000000000000000000000000000000000000000000000000000000000000000000000000000000000000000000000000000000000000000000000000000000000000000000000000000000000000000000000000000000000000000000000000000000000000000000000000000000000000000000000000000000000000000000000000000000000000000000000000000000000000000000000000000000000000000000000000000000000000000000000000000000000000000000100000005000000540000002c0000002c0000002c0000003400000000000000000000002229000009230000000000002d0100000d0000000c000000070000001c0100000609000062070000480300001a040000df020000ec04000027060000b103000027060000cb070000550500000000000001000000391300008913000000000000060000000600000002000000020000001c010000150900000000000001000000391300003403000000000000000000000000000002000000020000001c010000060900000100000000000000391300003403000000000000000000000000000002000000020000001c010000060900000000000000000000d13100000923000000000000000000000d00000004000000040000001c01000006090000aa0a00009006000078563412040000007000000001000000010000000b000000000000000100000002000000030000000400000005000000060000000700000008000000090000000a00000004000000640062006f0000001400000044006500740061006c006c0065004f007200640065006e0043006c00690065006e0074006500000002000b0085e5ffff5ecfffffc20100005ecfffff0000000002000000f0f0f0000000000000000000000000000000000001000000410000000000000002eaffff0dd0ffff4313000058010000320000000100000200004313000058010000020000000000ffffff000800008001000000150001000000900144420100065461686f6d61230066006b005f0064006500740061006c006c0065006f007200640065006e0063006c00690065006e00740065005f006f007200640065006e0063006c00690065006e007400650002000b007cfcffff16cdffff7cfcffff16dbffff0000000002000000f0f0f0000000000000000000000000000000000001000000430000000000000086e7ffff6ad3ffff4714000058010000320000000100000200004714000058010000020000000000ffffff000800008001000000150001000000900144420100065461686f6d61240066006b005f0064006900730074007200690062007500630069006f006e0063006f00730074006f0073005f00630061007400650067006f00720069006100620061006e0063006f002143341208000000391300000e1100007856341207000000140100005500730075006100720069006f00000003000000020000000000000000000000000000000300000000000000002000000000000000000000000000000000000000000000801da302f8de5b09000000000000000010bca602000000000000000000000000f8639a00000000000000000058bca6020000000000000000000000000000000000000000c883e20c0000000000000000000000000000000000000000000000000000000008e95b09000000000000000000000000000000008b106b834714c0c73b618d8adf7686932000000048649a00140000008883e20ce37201d9958494276c24dfba8ea7f00bc749000000000000000000000100000005000000540000002c0000002c0000002c0000003400000000000000000000002229000009230000000000002d0100000d0000000c000000070000001c0100000609000062070000480300001a040000df020000ec04000027060000b103000027060000cb070000550500000000000001000000391300000e11000000000000050000000500000002000000020000001c010000150900000000000001000000391300003403000000000000000000000000000002000000020000001c010000060900000100000000000000391300003403000000000000000000000000000002000000020000001c010000060900000000000000000000d13100000923000000000000000000000d00000004000000040000001c01000006090000aa0a00009006000078563412040000005800000001000000010000000b000000000000000100000002000000030000000400000005000000060000000700000008000000090000000a00000004000000640062006f000000080000005500730075006100720069006f0000002143341208000000391300009d0900007856341207000000140100004e0075006d004f007200640065006e000000000019000000f88ae70c000000000000000000000000000000000000000000000000000000000000000000000000000000000000000000000000000000000000000000000000000000000000000000000000000000000000000000000000000000000000000000000000000000000000000000000000000000000000000000000000000000000000000000000000000000000000000000000000000000000000000000000000000000000000000000000000000000000000000000000000000000000000000000000000000000000000000000000000000000000000000000000000000000000100000005000000540000002c0000002c0000002c0000003400000000000000000000002229000009230000000000002d0100000d0000000c000000070000001c0100000609000062070000480300001a040000df020000ec04000027060000b103000027060000cb070000550500000000000001000000391300009d09000000000000020000000200000002000000020000001c010000150900000000000001000000391300003403000000000000000000000000000002000000020000001c010000060900000100000000000000391300003403000000000000000000000000000002000000020000001c010000060900000000000000000000d13100000923000000000000000000000d00000004000000040000001c01000006090000aa0a00009006000078563412040000005a00000001000000010000000b000000000000000100000002000000030000000400000005000000060000000700000008000000090000000a00000004000000640062006f000000090000004e0075006d004f007200640065006e000000214334120800000039130000891300007856341207000000140100005000610067006f00500072006f0076006500650064006f0072000000eae9693f0000803f0000803fd7d6563fdcdb5b3feae9693f0000803f0000000000000000000000000000000000000000000000000000000000000000000000000000000000000000000000000000000000000000000000000000000000000000000000000000000000000000000000000000000000000000000000000000000000000000000000000000000000000000000000000000000000000000000000000000000000000000000000000000000000000000000000000000000000000000000000000000000000000000000000000000000000000000000000000100000005000000540000002c0000002c0000002c0000003400000000000000000000002229000009230000000000002d0100000d0000000c000000070000001c0100000609000062070000480300001a040000df020000ec04000027060000b103000027060000cb070000550500000000000001000000391300008913000000000000060000000600000002000000020000001c010000150900000000000001000000391300003403000000000000000000000000000002000000020000001c010000060900000100000000000000391300003403000000000000000000000000000002000000020000001c010000060900000000000000000000d13100000923000000000000000000000d00000004000000040000001c01000006090000aa0a00009006000078563412040000006400000001000000010000000b000000000000000100000002000000030000000400000005000000060000000700000008000000090000000a00000004000000640062006f0000000e0000005000610067006f00500072006f0076006500650064006f007200000004000b00afb0ffffa8b2ffff06c0ffffa8b2ffff06c0ffff5aa6ffff7ac2ffff5aa6ffff0000000002000000f0f0f0000000000000000000000000000000000001000000480000000000000060c0ffff57b3ffff6f0f000058010000320000000100000200006f0f000058010000020000000000ffffff000800008001000000150001000000900144420100065461686f6d61180046004b005f005000610067006f00500072006f0076006500650064006f0072005f0070006500720073006f006e00610004000b00def4ffff9ebcffffbbebffff9ebcffffbbebffff5aa6ffffb3d5ffff5aa6ffff0000000002000000f0f0f00000000000000000000000000000000000010000004a000000000000006aecffff03a9ffff9a13000058010000320000000100000200009a13000058010000020000000000ffffff000800008001000000150001000000900144420100065461686f6d611f0046004b005f005000610067006f00500072006f0076006500650064006f0072005f00430061007400650067006f00720069006100420061006e0063006f0002000b0085e5ffff3cc4fffffae7ffff3cc4ffff0000000002000000f0f0f00000000000000000000000000000000000010000004c0000000000000008deffffebc4ffff7611000058010000320000000100000200007611000058010000020000000000ffffff000800008001000000150001000000900144420100065461686f6d611d0046004b005f005400720061006e00730061006300630069006f006e00650073005f004f007200640065006e0043006c00690065006e007400650002000b00afb0ffff3cc4fffffae7ffff3cc4ffff0000000002000000f0f0f00000000000000000000000000000000000010000004e00000000000000f5c4ffffebc4ffffc10e00005801000032000000010000020000c10e000058010000020000000000ffffff000800008001000000150001000000900144420100065461686f6d61180046004b005f005400720061006e00730061006300630069006f006e00650073005f0070006500720073006f006e00610000000000000000000000000000000000000000000000000000000000000000000000000000000000000000000000000000000000000000000000000000000000000000000000000000000000000000000000000000000000000000000000000000000000000000000000000000000000000000000000000000000000000000000000000000000000000000000000000000000000000000000000000000000000000000000001000000fefffffffeffffff0400000005000000060000000700000008000000090000000a0000000b0000000c0000000d0000000e0000000f000000100000001100000012000000130000001400000015000000160000001700000018000000190000001a0000001b0000001c000000fefffffffeffffffffffffffffffffffffffffffffffffffffffffffffffffffffffffffffffffffffffffffffffffffffffffffffffffffffffffffffffffffffffffffffffffffffffffffffffffffffffffffffffffffffffffffffffffffffffffffffffffffffffffffffffffffffffffffffffffffffffffffffffffffffffffffffffffffffffffffffffffffffffffffffffffffffffffffffffffffffffffffffffffffffffffffffffffffffffffffffffffffffffffffffffffffffffffffffffffffffffffffffffffffffffffffffffffffffffffffffffffffffffffffffffffffffffffffffffffffffffffffffffffffffffffffffffffffffffffffffffffffffffffffffffffffffffffffffffffffffffffffffffffffffffffffffffffffffffffffffffffffffffffffffffffffffffffffffffffffffffffffffffffffffffffffffffffffffffffffffffffffffffffffffffffffffffffffffffffffffffffffffffffffffffffffffffffffffffffffffffffffffffffffffffffffffffffffffffffff0100feff030a0000ffffffff00000000000000000000000000000000170000004d6963726f736f66742044445320466f726d20322e300010000000456d626564646564204f626a6563740000000000f439b271000000000000000000000000000000000000000000000000000000000000000000000000000000000000000000010003000000000000000c0000000b0000004e61bc00000000000000000000000000000000000000000000000000000000000000000000000000000000000000dbe6b0e91c81d011ad5100a0c90f573900000200f0dab971c6afd701020200001048450000000000000000000000000000000000c40100004400610074006100200053006f0075007200630065003d002e003b0049006e0069007400690061006c00200043006100740061006c006f0067003d00530065006d006d006100720050006c0061007400610066006f0072006d0061003b0049006e00740065006700720061007400650064002000530065006300750072006900740079003d0054007200750065003b004d0075006c007400690070006c00650041006300740069007600650052006500730075006c00740053006500740073003d00460061006c00730065003b0043006f006e006e006500630074002000540069006d0065006f00750074003d00330030003b0054007200750073007400530065007200760065000300440064007300530074007200650061006d000000000000000000000000000000000000000000000000000000000000000000000000000000000000000000160002000300000006000000ffffffff00000000000000000000000000000000000000000000000000000000000000000000000037000000db3b00000000000053006300680065006d00610020005500440056002000440065006600610075006c0074000000000000000000000000000000000000000000000000000000000026000200ffffffffffffffffffffffff000000000000000000000000000000000000000000000000000000000000000000000000020000001600000000000000440053005200450046002d0053004300480045004d0041002d0043004f004e00540045004e0054005300000000000000000000000000000000000000000000002c0002010500000007000000ffffffff000000000000000000000000000000000000000000000000000000000000000000000000030000006c0600000000000053006300680065006d00610020005500440056002000440065006600610075006c007400200050006f007300740020005600360000000000000000000000000036000200ffffffffffffffffffffffff0000000000000000000000000000000000000000000000000000000000000000000000001d00000012000000000000000c000000edbcffff7cb8ffff0100260000007300630068005f006c006100620065006c0073005f00760069007300690062006c0065000000010000000b0000001e000000000000000000000000000000000000006400000000000000000000000000000000000000000000000000010000000100000000000000000000000000000000000000d00200000600280000004100630074006900760065005400610062006c00650056006900650077004d006f006400650000000100000008000400000031000000200000005400610062006c00650056006900650077004d006f00640065003a00300000000100000008003a00000034002c0030002c003200380034002c0030002c0032003300310030002c0031002c0031003800390030002c0035002c0031003200360030000000200000005400610062006c00650056006900650077004d006f00640065003a00310000000100000008001e00000032002c0030002c003200380034002c0030002c0032003300320035000000200000005400610062006c00650056006900650077004d006f00640065003a00320000000100000008001e00000032002c0030002c003200380034002c0030002c0032003300310030000000200000005400610062006c00650056006900650077004d006f00640065003a00330000000100000008001e00000032002c0030002c003200380034002c0030002c0032003300310030000000200000005400610062006c00650056006900650077004d006f00640065003a00340000000100000008003e00000034002c0030002c003200380034002c0030002c0032003300310030002c00310032002c0032003700330030002c00310031002c0031003600380030000000020000000200000000000000000000000000000000000000d00200000600280000004100630074006900760065005400610062006c00650056006900650077004d006f006400650000000100000008000400000031000000200000005400610062006c00650056006900650077004d006f00640065003a00300000000100000008003a00000034002c0030002c003200380034002c0030002c0032003300310030002c0031002c0031003800390030002c0035002c0031003200360030000000200000005400610062006c00650056006900650077004d006f00640065003a00310000000100000008001e00000032002c0030002c003200380034002c0030002c0032003300320035000000200000005400610062006c00650056006900650077004d006f00640065003a00320000000100000008001e00000032002c0030002c003200380034002c0030002c0032003300310030000000200000005400610062006c00650056006900650077004d006f00640065003a00330000000100000008001e00000032002c0030002c003200380034002c0030002c0032003300310030000000200000005400610062006c00650056006900650077004d006f00640065003a00340000000100000008003e00000034002c0030002c003200380034002c0030002c0032003300310030002c00310032002c0032003700330030002c00310031002c0031003600380030000000030000000300000000000000000000000000000000000000d00200000600280000004100630074006900760065005400610062006c00650056006900650077004d006f006400650000000100000008000400000031000000200000005400610062006c00650056006900650077004d006f00640065003a00300000000100000008003a00000034002c0030002c003200380034002c0030002c0032003300310030002c0031002c0031003800390030002c0035002c0031003200360030000000200000005400610062006c00650056006900650077004d006f00640065003a00310000000100000008001e00000032002c0030002c003200380034002c0030002c0032003300320035000000200000005400610062006c00650056006900650077004d006f00640065003a00320000000100000008001e00000032002c0030002c003200380034002c0030002c0032003300310030000000200000005400610062006c00650056006900650077004d006f00640065003a00330000000100000008001e00000032002c0030002c003200380034002c0030002c0032003300310030000000200000005400610062006c00650056006900650077004d006f00640065003a00340000000100000008003e00000034002c0030002c003200380034002c0030002c0032003300310030002c00310032002c0032003700330030002c00310031002c0031003600380030000000040000000400000000000000000000000000000000000000d00200000600280000004100630074006900760065005400610062006c00650056006900650077004d006f006400650000000100000008000400000031000000200000005400610062006c00650056006900650077004d006f00640065003a00300000000100000008003a00000034002c0030002c003200380034002c0030002c0032003300310030002c0031002c0031003800390030002c0035002c0031003200360030000000200000005400610062006c00650056006900650077004d006f00640065003a00310000000100000008001e00000032002c0030002c003200380034002c0030002c0032003300320035000000200000005400610062006c00650056006900650077004d006f00640065003a00320000000100000008001e00000032002c0030002c003200380034002c0030002c0032003300310030000000200000005400610062006c00650056006900650077004d006f00640065003a00330000000100000008001e00000032002c0030002c003200380034002c0030002c0032003300310030000000200000005400610062006c00650056006900650077004d006f00640065003a00340000000100000008003e00000034002c0030002c003200380034002c0030002c0032003300310030002c00310032002c0032003700330030002c00310031002c0031003600380030000000050000000500000000000000000000000000000000000000d00200000600280000004100630074006900760065005400610062006c00650056006900650077004d006f006400650000000100000008000400000030000000200000005400610062006c00650056006900650077004d006f00640065003a00300000000100000008003a00000034002c0030002c003200380034002c0030002c0032003300310030002c0031002c0031003800390030002c0035002c0031003200360030000000200000005400610062006c00650056006900650077004d006f00640065003a00310000000100000008001e00000032002c0030002c003200380034002c0030002c0032003300320035000000200000005400610062006c00650056006900650077004d006f00640065003a00320000000100000008001e00000032002c0030002c003200380034002c0030002c0032003300310030000000200000005400610062006c00650056006900650077004d006f00640065003a00330000000100000008001e00000032002c0030002c003200380034002c0030002c0032003300310030000000200000005400610062006c00650056006900650077004d006f00640065003a00340000000100000008003e00000034002c0030002c003200380034002c0030002c0032003300310030002c00310032002c0032003700330030002c00310031002c0031003600380030000000060000000600000000000000000000000000000000000000d00200000600280000004100630074006900760065005400610062006c00650056006900650077004d006f006400650000000100000008000400000031000000200000005400610062006c00650056006900650077004d006f00640065003a00300000000100000008003a00000034002c0030002c003200380034002c0030002c0032003300310030002c0031002c0031003800390030002c0035002c0031003200360030000000200000005400610062006c00650056006900650077004d006f00640065003a00310000000100000008001e00000032002c0030002c003200380034002c0030002c0032003300320035000000200000005400610062006c00650056006900650077004d006f00640065003a00320000000100000008001e00000032002c0030002c003200380034002c0030002c0032003300310030000000200000005400610062006c00650056006900650077004d006f00640065003a00330000000100000008001e00000032002c0030002c003200380034002c0030002c0032003300310030000000200000005400610062006c00650056006900650077004d006f00640065003a00340000000100000008003e00000034002c0030002c003200380034002c0030002c0032003300310030002c00310032002c0032003700330030002c00310031002c0031003600380030000000070000000700000000000000000000000000000000000000d00200000600280000004100630074006900760065005400610062006c00650056006900650077004d006f006400650000000100000008000400000031000000200000005400610062006c00650056006900650077004d006f00640065003a00300000000100000008003a00000034002c0030002c003200380034002c0030002c0032003300310030002c0031002c0031003800390030002c0035002c0031003200360030000000200000005400610062006c00650056006900650077004d006f00640065003a00310000000100000008001e00000032002c0030002c003200380034002c0030002c0032003300320035000000200000005400610062006c00650056006900650077004d006f00640065003a00320000000100000008001e00000032002c0030002c003200380034002c0030002c0032003300310030000000200000005400610062006c00650056006900650077004d006f00640065003a00330000000100000008001e00000032002c0030002c003200380034002c0030002c0032003300310030000000200000005400610062006c00650056006900650077004d006f00640065003a00340000000100000008003e00000034002c0030002c003200380034002c0030002c0032003300310030002c00310032002c0032003700330030002c00310031002c0031003600380030000000080000000800000000000000000000000000000000000000d00200000600280000004100630074006900760065005400610062006c00650056006900650077004d006f006400650000000100000008000400000031000000200000005400610062006c00650056006900650077004d006f00640065003a00300000000100000008003a00000034002c0030002c003200380034002c0030002c0032003300310030002c0031002c0031003800390030002c0035002c0031003200360030000000200000005400610062006c00650056006900650077004d006f00640065003a00310000000100000008001e00000032002c0030002c003200380034002c0030002c0032003300320035000000200000005400610062006c00650056006900650077004d006f00640065003a00320000000100000008001e00000032002c0030002c003200380034002c0030002c0032003300310030000000200000005400610062006c00650056006900650077004d006f00640065003a00330000000100000008001e00000032002c0030002c003200380034002c0030002c0032003300310030000000200000005400610062006c00650056006900650077004d006f00640065003a00340000000100000008003e00000034002c0030002c003200380034002c0030002c0032003300310030002c00310032002c0032003700330030002c00310031002c0031003600380030000000090000000900000000000000000000000000000000000000d00200000600280000004100630074006900760065005400610062006c00650056006900650077004d006f006400650000000100000008000400000031000000200000005400610062006c00650056006900650077004d006f00640065003a00300000000100000008003a00000034002c0030002c003200380034002c0030002c0032003300310030002c0031002c0031003800390030002c0035002c0031003200360030000000200000005400610062006c00650056006900650077004d006f00640065003a00310000000100000008001e00000032002c0030002c003200380034002c0030002c0032003300320035000000200000005400610062006c00650056006900650077004d006f00640065003a00320000000100000008001e00000032002c0030002c003200380034002c0030002c0032003300310030000000200000005400610062006c00650056006900650077004d006f00640065003a00330000000100000008001e00000032002c0030002c003200380034002c0030002c0032003300310030000000200000005400610062006c00650056006900650077004d006f00640065003a00340000000100000008003e00000034002c0030002c003200380034002c0030002c0032003300310030002c00310032002c0032003700330030002c00310031002c00310036003800300000000a0000000a00000000000000000000000000000000000000d00200000600280000004100630074006900760065005400610062006c00650056006900650077004d006f006400650000000100000008000400000031000000200000005400610062006c00650056006900650077004d006f00640065003a00300000000100000008003a00000034002c0030002c003200380034002c0030002c0032003300310030002c0031002c0031003800390030002c0035002c0031003200360030000000200000005400610062006c00650056006900650077004d006f00640065003a00310000000100000008001e00000032002c0030002c003200380034002c0030002c0032003300310030000000200000005400610062006c00650056006900650077004d006f00640065003a00320000000100000008001e00000032002c0030002c003200380034002c0030002c0032003300310030000000200000005400610062006c00650056006900650077004d006f00640065003a00330000000100000008001e00000032002c0030002c003200380034002c0030002c0032003300310030000000200000005400610062006c00650056006900650077004d006f00640065003a00340000000100000008003e00000034002c0030002c003200380034002c0030002c0032003300310030002c00310032002c0032003700330030002c00310031002c00310036003800300000000b0000000b00000000000000000000000000000000000000d00200000600280000004100630074006900760065005400610062006c00650056006900650077004d006f006400650000000100000008000400000031000000200000005400610062006c00650056006900650077004d006f00640065003a00300000000100000008003a00000034002c0030002c003200380034002c0030002c0032003300310030002c0031002c0031003800390030002c0035002c0031003200360030000000200000005400610062006c00650056006900650077004d006f00640065003a00310000000100000008001e00000032002c0030002c003200380034002c0030002c0032003300320035000000200000005400610062006c00650056006900650077004d006f00640065003a00320000000100000008001e00000032002c0030002c003200380034002c0030002c0032003300310030000000200000005400610062006c00650056006900650077004d006f00640065003a00330000000100000008001e00000032002c0030002c003200380034002c0030002c0032003300310030000000200000005400610062006c00650056006900650077004d006f00640065003a00340000000100000008003e00000034002c0030002c003200380034002c0030002c0032003300310030002c00310032002c0032003700330030002c00310031002c00310036003800300000000c0000000c00000000000000000000000000000000000000d00200000600280000004100630074006900760065005400610062006c00650056006900650077004d006f006400650000000100000008000400000031000000200000005400610062006c00650056006900650077004d006f00640065003a00300000000100000008003a00000034002c0030002c003200380034002c0030002c0032003300310030002c0031002c0031003800390030002c0035002c0031003200360030000000200000005400610062006c00650056006900650077004d006f00640065003a00310000000100000008001e00000032002c0030002c003200380034002c0030002c0032003300320035000000200000005400610062006c00650056006900650077004d006f00640065003a00320000000100000008001e00000032002c0030002c003200380034002c0030002c0032003300310030000000200000005400610062006c00650056006900650077004d006f00640065003a00330000000100000008001e00000032002c0030002c003200380034002c0030002c0032003300310030000000200000005400610062006c00650056006900650077004d006f00640065003a00340000000100000008003e00000034002c0030002c003200380034002c0030002c0032003300310030002c00310032002c0032003700330030002c00310031002c00310036003800300000000d0000000d0000000000000040000000013fc85a01000000640062006f00000066006b005f0070006500720073006f006e0061005f00620065006e00650066006900630069006100720069006f0000000000000000000000c402000000000e0000000e0000000d0000000800000001bde00cd8bde00c0000000000000000ad0700000000000f0000000f000000000000003e000000013fc85a01000000640062006f00000066006b005f0070006500720073006f006e0061005f007400690070006f0070006500720073006f006e00610000000000000000000000c4020000000010000000100000000f0000000800000001c6e00cd8c6e00c0000000000000000ad070000000000110000001100000000000000480000000100270001000000640062006f00000066006b005f0064006500740061006c006c0065006f007200640065006e005f006f007200640065006e0063006f006d0070007200610000000000000000000000c402000000001200000012000000110000000800000001c6e00c98c6e00c0000000000000000ad07000000000013000000130000000000000040000000013fc85a01000000640062006f00000066006b005f0064006500740061006c006c0065006f007200640065006e005f0070006500720073006f006e00610000000000000000000000c402000000001400000014000000130000000800000001c6e00c58c6e00c0000000000000000ad070000000000160000001600000000000000540000000100040001000000640062006f00000066006b005f006f007200640065006e0063006c00690065006e00740065005f0063006f00740069007a006100630069006f006e0063006c00690065006e007400650000000000000000000000c402000000001700000017000000160000000800000001c5e00cd8c5e00c0000000000000000ad07000000000019000000190000000000000040000000013fc85a01000000640062006f00000066006b005f006f007200640065006e0063006c00690065006e00740065005f0070006500720073006f006e00610000000000000000000000c402000000001a0000001a000000190000000800000001c5e00c98c5e00c0000000000000000ad0700000000001b0000001b000000000000004a000000013fc85a01000000640062006f00000066006b005f0064006500740061006c006c00650063006f00740069007a006100630069006f006e005f0070006500720073006f006e00610000000000000000000000c402000000001c0000001c0000001b0000000800000001c6e00c18c6e00c0000000000000000ad0700000000001d0000001d0000000000000050000000013fc85a01000000640062006f00000066006b005f0064006500740061006c006c00650063006f00740069007a006100630069006f006e005f0063006f00740069007a006100630069006f006e0000000000000000000000c402000000001e0000001e0000001d0000000800000001cbe00cd8cbe00c0000000000000000ad070000000000210000002100000000000000480000000100270001000000640062006f00000066006b005f0064006900730074007200690062007500630069006f006e0067006100730074006f0073005f00620061006e0063006f0000000000000000000000c402000000002200000022000000210000000800000001c7e00cd8c7e00c0000000000000000ad0700000000002300000023000000000000004a000000013fc85a01000000640062006f00000066006b005f0063006f00740069007a006100630069006f006e0063006c00690065006e00740065005f0070006500720073006f006e00610000000000000000000000c402000000002400000024000000230000000800000001cbe00c98cbe00c0000000000000000ad070000000000250000002500000000000000560000000100000001000000640062006f00000066006b005f006f007200640065006e0063006c00690065006e00740065005f0063006f00740069007a006100630069006f006e0063006c00690065006e0074006500310000000000000000000000c402000000002600000026000000250000000800000001cbe00c18cbe00c0000000000000000ad070000000000270000002700000000000000560000000100690001000000640062006f00000066006b005f0064006900730074007200690062007500630069006f006e0063006f00730074006f0073005f006f007200640065006e0063006c00690065006e007400650000000000000000000000c402000000002800000028000000270000000800000001cae00cd8cae00c0000000000000000ad0700000000002900000029000000000000005600000001656c6101000000640062006f00000066006b005f0064006900730074007200690062007500630069006f006e0067006100730074006f0073005f006f007200640065006e0063006c00690065006e007400650000000000000000000000c402000000002a0000002a000000290000000800000001c5e00c58c5e00c0000000000000000ad0700000000002b0000002b000000000000004a000000013fc85a01000000640062006f00000066006b005f0064006900730074007200690062007500630069006f006e0067006100730074006f0073005f00620061006e0063006f00310000000000000000000000c402000000002c0000002c0000002b0000000800000001cce00c98cce00c0000000000000000ad0700000000002d0000002d00000000000000000000000000000000000000d00200000600280000004100630074006900760065005400610062006c00650056006900650077004d006f006400650000000100000008000400000031000000200000005400610062006c00650056006900650077004d006f00640065003a00300000000100000008003a00000034002c0030002c003200380034002c0030002c0032003300310030002c0031002c0031003800390030002c0035002c0031003200360030000000200000005400610062006c00650056006900650077004d006f00640065003a00310000000100000008001e00000032002c0030002c003200380034002c0030002c0032003300320035000000200000005400610062006c00650056006900650077004d006f00640065003a00320000000100000008001e00000032002c0030002c003200380034002c0030002c0032003300310030000000200000005400610062006c00650056006900650077004d006f00640065003a00330000000100000008001e00000032002c0030002c003200380034002c0030002c0032003300310030000000200000005400610062006c00650056006900650077004d006f00640065003a00340000000100000008003e00000034002c0030002c003200380034002c0030002c0032003300310030002c00310032002c0032003700330030002c00310031002c00310036003800300000002e0000002e00000000000000320000000100570001000000640062006f00000066006b005f0065006d00610069006c005f0070006500720073006f006e00610000000000000000000000c402000000002f0000002f0000002e0000000800000001cae00c98cae00c0000000000000000ad070000000000300000003000000000000000000000000000000000000000d00200000600280000004100630074006900760065005400610062006c00650056006900650077004d006f006400650000000100000008000400000031000000200000005400610062006c00650056006900650077004d006f00640065003a00300000000100000008003a00000034002c0030002c003200380034002c0030002c0032003300310030002c0031002c0031003800390030002c0035002c0031003200360030000000200000005400610062006c00650056006900650077004d006f00640065003a00310000000100000008001e00000032002c0030002c003200380034002c0030002c0032003300320035000000200000005400610062006c00650056006900650077004d006f00640065003a00320000000100000008001e00000032002c0030002c003200380034002c0030002c0032003300310030000000200000005400610062006c00650056006900650077004d006f00640065003a00330000000100000008001e00000032002c0030002c003200380034002c0030002c0032003300310030000000200000005400610062006c00650056006900650077004d006f00640065003a00340000000100000008003e00000034002c0030002c003200380034002c0030002c0032003300310030002c00310032002c0032003700330030002c00310031002c0031003600380030000000310000003100000000000000560000000100040001000000640062006f00000066006b005f006f007200640065006e0063006c00690065006e00740065005f00650073007400610064006f006f007200640065006e0063006c00690065006e007400650000000000000000000000c402000000003200000032000000310000000800000001cae00c58cae00c0000000000000000ad070000000000330000003300000000000000000000000000000000000000d00200000600280000004100630074006900760065005400610062006c00650056006900650077004d006f006400650000000100000008000400000031000000200000005400610062006c00650056006900650077004d006f00640065003a00300000000100000008003a00000034002c0030002c003200380034002c0030002c0032003300310030002c0031002c0031003800390030002c0035002c0031003200360030000000200000005400610062006c00650056006900650077004d006f00640065003a00310000000100000008001e00000032002c0030002c003200380034002c0030002c0032003300320035000000200000005400610062006c00650056006900650077004d006f00640065003a00320000000100000008001e00000032002c0030002c003200380034002c0030002c0032003300310030000000200000005400610062006c00650056006900650077004d006f00640065003a00330000000100000008001e00000032002c0030002c003200380034002c0030002c0032003300310030000000200000005400610062006c00650056006900650077004d006f00640065003a00340000000100000008003e00000034002c0030002c003200380034002c0030002c0032003300310030002c00310032002c0032003700330030002c00310031002c003100360038003000000037000000370000000000000040000000013fc85a01000000640062006f00000066006b005f00630061007400650067006f00720069006100620061006e0063006f005f00620061006e0063006f0000000000000000000000c402000000003800000038000000370000000800000001c5e00c18c5e00c0000000000000000ad070000000000390000003900000000000000000000000000000000000000d00200000600280000004100630074006900760065005400610062006c00650056006900650077004d006f006400650000000100000008000400000031000000200000005400610062006c00650056006900650077004d006f00640065003a00300000000100000008003a00000034002c0030002c003200380034002c0030002c0032003300310030002c0031002c0031003800390030002c0035002c0031003200360030000000200000005400610062006c00650056006900650077004d006f00640065003a00310000000100000008001e00000032002c0030002c003200380034002c0030002c0032003300320035000000200000005400610062006c00650056006900650077004d006f00640065003a00320000000100000008001e00000032002c0030002c003200380034002c0030002c0032003300310030000000200000005400610062006c00650056006900650077004d006f00640065003a00330000000100000008001e00000032002c0030002c003200380034002c0030002c0032003300310030000000200000005400610062006c00650056006900650077004d006f00640065003a00340000000100000008003e00000034002c0030002c003200380034002c0030002c0032003300310030002c00310032002c0032003700330030002c00310031002c00310036003800300000003a0000003a0000000000000050000000013fc85a01000000640062006f00000046004b005f005400720061006e00730061006300630069006f006e00650073005f00430061007400650067006f00720069006100420061006e0063006f0000000000000000000000c402000000003b0000003b0000003a0000000800000001c7e00c18c7e00c0000000000000000ad0700000000003c0000003c00000000000000000000000000000000000000d00200000600280000004100630074006900760065005400610062006c00650056006900650077004d006f006400650000000100000008000400000031000000200000005400610062006c00650056006900650077004d006f00640065003a00300000000100000008003a00000034002c0030002c003200380034002c0030002c0032003300310030002c0031002c0031003800390030002c0035002c0031003200360030000000200000005400610062006c00650056006900650077004d006f00640065003a00310000000100000008001e00000032002c0030002c003200380034002c0030002c0032003300320035000000200000005400610062006c00650056006900650077004d006f00640065003a00320000000100000008001e00000032002c0030002c003200380034002c0030002c0032003300310030000000200000005400610062006c00650056006900650077004d006f00640065003a00330000000100000008001e00000032002c0030002c003200380034002c0030002c0032003300310030000000200000005400610062006c00650056006900650077004d006f00640065003a00340000000100000008003e00000034002c0030002c003200380034002c0030002c0032003300310030002c00310032002c0032003700330030002c00310031002c00310036003800300000003d0000003d000000000000006c0000000100000001000000640062006f00000066006b005f0064006500740061006c006c00650063006f00740069007a006100630069006f006e0063006c00690065006e00740065005f0063006f00740069007a006100630069006f006e0063006c00690065006e007400650000000000000000000000c402000000003e0000003e0000003d0000000800000001cae00c18cae00c0000000000000000ad0700000000003f0000003f00000000000000000000000000000000000000d00200000600280000004100630074006900760065005400610062006c00650056006900650077004d006f006400650000000100000008000400000031000000200000005400610062006c00650056006900650077004d006f00640065003a00300000000100000008003a00000034002c0030002c003200380034002c0030002c0032003300310030002c0031002c0031003800390030002c0035002c0031003200360030000000200000005400610062006c00650056006900650077004d006f00640065003a00310000000100000008001e00000032002c0030002c003200380034002c0030002c0032003300320035000000200000005400610062006c00650056006900650077004d006f00640065003a00320000000100000008001e00000032002c0030002c003200380034002c0030002c0032003300310030000000200000005400610062006c00650056006900650077004d006f00640065003a00330000000100000008001e00000032002c0030002c003200380034002c0030002c0032003300310030000000200000005400610062006c00650056006900650077004d006f00640065003a00340000000100000008003e00000034002c0030002c003200380034002c0030002c0032003300310030002c00310032002c0032003700330030002c00310031002c0031003600380030000000400000004000000000000000580000000100040001000000640062006f00000066006b005f0064006500740061006c006c0065006f007200640065006e0063006c00690065006e00740065005f006f007200640065006e0063006c00690065006e007400650000000000000000000000c402000000004100000041000000400000000800000001c8e00c18c8e00c0000000000000000ad0700000000004200000042000000000000005a00000001ffffff01000000640062006f00000066006b005f0064006900730074007200690062007500630069006f006e0063006f00730074006f0073005f00630061007400650067006f00720069006100620061006e0063006f0000000000000000000000c402000000004300000043000000420000000800000001cce00c58cce00c0000000000000000ad070000000000440000004400000000000000000000000000000000000000d00200000600280000004100630074006900760065005400610062006c00650056006900650077004d006f006400650000000100000008000400000031000000200000005400610062006c00650056006900650077004d006f00640065003a00300000000100000008003a00000034002c0030002c003200380034002c0030002c0032003300310030002c0031002c0031003800390030002c0035002c0031003200360030000000200000005400610062006c00650056006900650077004d006f00640065003a00310000000100000008001e00000032002c0030002c003200380034002c0030002c0032003300320035000000200000005400610062006c00650056006900650077004d006f00640065003a00320000000100000008001e00000032002c0030002c003200380034002c0030002c0032003300310030000000200000005400610062006c00650056006900650077004d006f00640065003a00330000000100000008001e00000032002c0030002c003200380034002c0030002c0032003300310030000000200000005400610062006c00650056006900650077004d006f00640065003a00340000000100000008003e00000034002c0030002c003200380034002c0030002c0032003300310030002c00310032002c0032003700330030002c00310031002c0031003600380030000000450000004500000000000000000000000000000000000000d00200000600280000004100630074006900760065005400610062006c00650056006900650077004d006f006400650000000100000008000400000031000000200000005400610062006c00650056006900650077004d006f00640065003a00300000000100000008003a00000034002c0030002c003200380034002c0030002c0032003300310030002c0031002c0031003800390030002c0035002c0031003200360030000000200000005400610062006c00650056006900650077004d006f00640065003a00310000000100000008001e00000032002c0030002c003200380034002c0030002c0032003300320035000000200000005400610062006c00650056006900650077004d006f00640065003a00320000000100000008001e00000032002c0030002c003200380034002c0030002c0032003300310030000000200000005400610062006c00650056006900650077004d006f00640065003a00330000000100000008001e00000032002c0030002c003200380034002c0030002c0032003300310030000000200000005400610062006c00650056006900650077004d006f00640065003a00340000000100000008003e00000034002c0030002c003200380034002c0030002c0032003300310030002c00310032002c0032003700330030002c00310031002c0031003600380030000000460000004600000000000000000000000000000000000000d00200000600280000004100630074006900760065005400610062006c00650056006900650077004d006f006400650000000100000008000400000031000000200000005400610062006c00650056006900650077004d006f00640065003a00300000000100000008003a00000034002c0030002c003200380034002c0030002c0032003300310030002c0031002c0031003800390030002c0035002c0031003200360030000000200000005400610062006c00650056006900650077004d006f00640065003a00310000000100000008001e00000032002c0030002c003200380034002c0030002c0032003300320035000000200000005400610062006c00650056006900650077004d006f00640065003a00320000000100000008001e00000032002c0030002c003200380034002c0030002c0032003300310030000000200000005400610062006c00650056006900650077004d006f00640065003a00330000000100000008001e00000032002c0030002c003200380034002c0030002c0032003300310030000000200000005400610062006c00650056006900650077004d006f00640065003a00340000000100000008003e00000034002c0030002c003200380034002c0030002c0032003300310030002c00310032002c0032003700330030002c00310031002c0031003600380030000000470000004700000000000000420000000100270001000000640062006f00000046004b005f005000610067006f00500072006f0076006500650064006f0072005f0070006500720073006f006e00610000000000000000000000c402000000004800000048000000470000000800000001c9e00cd8c9e00c0000000000000000ad07000000000049000000490000000000000050000000013fc85a01000000640062006f00000046004b005f005000610067006f00500072006f0076006500650064006f0072005f00430061007400650067006f00720069006100420061006e0063006f0000000000000000000000c402000000004a0000004a000000490000000800000001c7e00c58c7e00c0000000000000000ad0700000000004b0000004b000000000000004c000000013fc85a01000000640062006f00000046004b005f005400720061006e00730061006300630069006f006e00650073005f004f007200640065006e0043006c00690065006e007400650000000000000000000000c402000000004c0000004c0000004b0000000800000001c8e00cd8c8e00c0000000000000000ad0700000000004d0000004d00000000000000420000000100270001000000640062006f00000046004b005f005400720061006e00730061006300630069006f006e00650073005f0070006500720073006f006e00610000000000000000000000c402000000004e0000004e0000004d0000000800000001c8e00c98c8e00c0000000000000000ad0700000000007d0000003700000001000000330000001f000000380000002b0000000100000006000000000000003f000000210000000100000006000000000000003f000000250000000200000007000000210000005400000016000000020000000700000021000000520000003d000000020000003c0000004e000000510000001d0000000300000004000000320000001900000040000000070000003f0000007300000048000000290000000700000006000000000000007e000000270000000700000005000000b5000000a40000004b00000007000000390000004d000000400000001100000008000000090000000000000039000000230000000a0000000200000081000000a00000001b0000000a000000040000002500000018000000190000000a000000070000008f00000060000000130000000a000000090000008f0000003e0000002e0000000a0000002d0000008800000041000000470000000a000000460000003f0000007e0000004d0000000a000000390000007b000000400000000f0000000b0000000a0000005d0000003e0000000d0000000c0000000a0000003e00000001000000310000003000000007000000270000001e00000042000000330000000500000019000000360000003a0000003300000039000000010000002c000000490000003300000046000000400000007f000000000000000000000000000000000000000000000000000000000000000000000000000000007200430065007200740069006600690063006100740065003d00460061006c00730065003b005000610063006b00650074002000530069007a0065003d0034003000390036003b004100700070006c00690063006100740069006f006e0020004e0061006d0065003d0022004d006900630072006f0073006f00660074002000530051004c00200053006500720076006500720020004d0061006e006100670065006d0065006e0074002000530074007500640069006f002200000000800500140000004400690061006700720061006d005f0030000000000226001c0000005000610067006f00500072006f0076006500650064006f007200000008000000640062006f00000000022600120000004e0075006d004f007200640065006e00000008000000640062006f00000000022600100000005500730075006100720069006f00000008000000640062006f000000000226002800000044006500740061006c006c0065004f007200640065006e0043006c00690065006e0074006500000008000000640062006f000000000226003200000044006500740061006c006c00650043006f00740069007a006100630069006f006e0043006c00690065006e0074006500000008000000640062006f000000000226001c0000005400720061006e00730061006300630069006f006e0065007300000008000000640062006f000000000226001e000000430061007400650067006f00720069006100420061006e0063006f00000008000000640062006f0000000002260026000000450073007400610064006f004f007200640065006e0043006c00690065006e0074006500000008000000640062006f000000000226000c00000045006d00610069006c00000008000000640062006f000000000226001a000000420065006e00650066006900630069006100720069006f00000008000000640062006f00000000022600180000005400690070006f0050006500720073006f006e006100000008000000640062006f000000000226001000000070006500720073006f006e006100000008000000640062006f000000000226001a00000044006500740061006c006c0065004f007200640065006e00000008000000640062006f00000000022600180000004f007200640065006e0043006f006d00700072006100000008000000640062006f000000000226001a0000004f007200640065006e0043006c00690065006e0074006500000008000000640062006f000000000226002600000044006900730074007200690062007500630069006f006e0047006100730074006f007300000008000000640062006f000000000226002600000044006900730074007200690062007500630069006f006e0043006f00730074006f007300000008000000640062006f000000000226002400000064006500740061006c006c00650063006f00740069007a006100630069006f006e00000008000000640062006f000000000226001600000043006f00740069007a006100630069006f006e00000008000000640062006f000000000226002400000043006f00740069007a006100630069006f006e0043006c00690065006e0074006500000008000000640062006f000000000224000c000000420061006e0063006f00000008000000640062006f00000001000000d68509b3bb6bf2459ab8371664f0327008004e0000007b00310036003300340043004400440037002d0030003800380038002d0034003200450033002d0039004600410032002d004200360044003300320035003600330042003900310044007d0000000000000000000000000000000000000000000000010003000000000000000c0000000b00000000000000000000000000000000000000000000000000000000000000000000000000000000000000000000000000000000000000000000000000000000000000000000000000000000000000000000000000000000000000000000000000000000000000000000000000000000000000000000000000000000000000000000000000000000000000000000000000000000000000000000000000000000000000000000000000000000000000000062885214);

-- --------------------------------------------------------

--
-- Estructura de tabla para la tabla `tipopersona`
--

CREATE TABLE `tipopersona` (
  `id_tipo_persona` int(11) NOT NULL,
  `nombre_tipo` varchar(50) DEFAULT NULL
) ENGINE=InnoDB DEFAULT CHARSET=utf8mb4;

--
-- Volcado de datos para la tabla `tipopersona`
--

INSERT INTO `tipopersona` (`id_tipo_persona`, `nombre_tipo`) VALUES
(1, 'NATURAL'),
(2, 'JURIDICA');

-- --------------------------------------------------------

--
-- Estructura de tabla para la tabla `transacciones`
--

CREATE TABLE `transacciones` (
  `id_transacciones` int(11) NOT NULL,
  `id_persona` int(11) DEFAULT NULL,
  `id_ordencli` varchar(20) DEFAULT NULL,
  `id_cat_banco` int(11) DEFAULT NULL,
  `monto_tra` decimal(18,2) DEFAULT NULL,
  `tipo_tra` varchar(20) DEFAULT NULL,
  `fecha_tra` varchar(30) DEFAULT NULL
) ENGINE=InnoDB DEFAULT CHARSET=utf8mb4;

--
-- Volcado de datos para la tabla `transacciones`
--

INSERT INTO `transacciones` (`id_transacciones`, `id_persona`, `id_ordencli`, `id_cat_banco`, `monto_tra`, `tipo_tra`, `fecha_tra`) VALUES
(1, NULL, NULL, 1, '20000.00', 'ABONO', '2021-09-22 11:29:03'),
(2, NULL, NULL, 2, '5000.00', 'ABONO', '2021-09-22 11:29:13'),
(3, NULL, NULL, 1, '10000.00', 'RETIRO', '2021-09-22 11:29:41'),
(4, NULL, NULL, 2, '2000.00', 'RETIRO', '2021-09-22 11:29:53'),
(5, NULL, 'ORD16676421', 1, '3000.00', 'DISTRIBUCION', '2021-09-22 11:34:12'),
(6, NULL, 'ORD16676421', 1, '800.00', 'DISTRIBUCION', '2021-09-22 11:34:32'),
(7, NULL, 'ORD16676421', 2, '1000.00', 'DISTRIBUCION', '2021-09-22 11:36:12'),
(8, NULL, 'ORD16676421', 1, '3800.00', 'PAGO', '2021-09-22 11:38:57'),
(9, NULL, 'ORD16676421', 2, '1000.00', 'PAGO', '2021-09-22 11:38:57'),
(10, NULL, 'ORD16676421', 1, '10.00', 'PAGO', '2021-09-22 11:40:13'),
(11, NULL, NULL, 1, '4000.00', 'ABONO', '2021-09-22 11:45:22'),
(12, NULL, NULL, 1, '4000.00', 'RETIRO', '2021-09-22 11:45:54'),
(13, NULL, 'ORD69771962', 1, '3000.00', 'DISTRIBUCION', '2021-09-22 11:46:09'),
(14, NULL, 'ORD69771962', 1, '3500.00', 'DISTRIBUCION', '2021-09-22 11:46:22'),
(15, NULL, 'ORD69771962', 1, '2600.00', 'DISTRIBUCION', '2021-09-22 11:46:49'),
(16, NULL, 'ORD69771962', 1, '9100.00', 'PAGO', '2021-09-22 11:49:59'),
(17, NULL, 'ORD69771962', 1, '1.00', 'PAGO', '2021-09-22 11:51:31'),
(18, 3, NULL, 1, '1000.00', 'PAGO PROVEEDOR', '2021-09-22 11:52:52'),
(19, 3, NULL, 1, '100.00', 'PAGO PROVEEDOR', '2021-09-22 11:54:13');

--
-- Índices para tablas volcadas
--

--
-- Indices de la tabla `banco`
--
ALTER TABLE `banco`
  ADD PRIMARY KEY (`id_banco`),
  ADD KEY `ix_tmp_autoinc` (`id_banco`);

--
-- Indices de la tabla `beneficiario`
--
ALTER TABLE `beneficiario`
  ADD PRIMARY KEY (`id_beneficiario`),
  ADD KEY `ix_tmp_autoinc` (`id_beneficiario`);

--
-- Indices de la tabla `categoriabanco`
--
ALTER TABLE `categoriabanco`
  ADD PRIMARY KEY (`id_cat_banco`),
  ADD KEY `ix_tmp_autoinc` (`id_cat_banco`),
  ADD KEY `fk_categoriabanco_banco` (`id_banco`);

--
-- Indices de la tabla `cotizacion`
--
ALTER TABLE `cotizacion`
  ADD PRIMARY KEY (`id_cotizacion`);

--
-- Indices de la tabla `cotizacioncliente`
--
ALTER TABLE `cotizacioncliente`
  ADD PRIMARY KEY (`id_cotcli`),
  ADD KEY `fk_cotizacioncliente_persona` (`id_persona`);

--
-- Indices de la tabla `detallecotizacion`
--
ALTER TABLE `detallecotizacion`
  ADD PRIMARY KEY (`id_detalle_cot`),
  ADD KEY `ix_tmp_autoinc` (`id_detalle_cot`),
  ADD KEY `fk_detallecotizacion_cotizacion` (`id_cotizacion`),
  ADD KEY `fk_detallecotizacion_persona` (`id_persona`);

--
-- Indices de la tabla `detallecotizacioncliente`
--
ALTER TABLE `detallecotizacioncliente`
  ADD PRIMARY KEY (`id_detalle_cot_cli`),
  ADD KEY `ix_tmp_autoinc` (`id_detalle_cot_cli`),
  ADD KEY `fk_detallecotizacioncliente_cotizacioncliente` (`id_cotcli`);

--
-- Indices de la tabla `detalleorden`
--
ALTER TABLE `detalleorden`
  ADD PRIMARY KEY (`id_detalle_orden`),
  ADD KEY `ix_tmp_autoinc` (`id_detalle_orden`),
  ADD KEY `fk_detalleorden_ordencompra` (`id_orden`),
  ADD KEY `fk_detalleorden_persona` (`id_persona`);

--
-- Indices de la tabla `distribucioncostos`
--
ALTER TABLE `distribucioncostos`
  ADD PRIMARY KEY (`id_dis`),
  ADD KEY `ix_tmp_autoinc` (`id_dis`),
  ADD KEY `fk_distribucioncostos_categoriabanco` (`id_cat_banco`),
  ADD KEY `fk_distribucioncostos_ordencliente` (`id_ordencli`);

--
-- Indices de la tabla `distribuciongastos`
--
ALTER TABLE `distribuciongastos`
  ADD PRIMARY KEY (`id_distribucion_gastos`),
  ADD KEY `ix_tmp_autoinc` (`id_distribucion_gastos`),
  ADD KEY `fk_distribuciongastos_banco1` (`id_banco`),
  ADD KEY `fk_distribuciongastos_ordencliente` (`id_ordencli`);

--
-- Indices de la tabla `email`
--
ALTER TABLE `email`
  ADD PRIMARY KEY (`id_email`),
  ADD KEY `ix_tmp_autoinc` (`id_email`),
  ADD KEY `fk_email_persona` (`id_persona`);

--
-- Indices de la tabla `estadoordencliente`
--
ALTER TABLE `estadoordencliente`
  ADD PRIMARY KEY (`id_estado`),
  ADD KEY `ix_tmp_autoinc` (`id_estado`);

--
-- Indices de la tabla `ordencliente`
--
ALTER TABLE `ordencliente`
  ADD PRIMARY KEY (`id_ordencli`),
  ADD KEY `fk_ordencliente_cotizacioncliente1` (`id_cotcli`),
  ADD KEY `fk_ordencliente_estadoordencliente` (`id_estado`),
  ADD KEY `fk_ordencliente_persona` (`id_persona`);

--
-- Indices de la tabla `ordencompra`
--
ALTER TABLE `ordencompra`
  ADD PRIMARY KEY (`id_orden`);

--
-- Indices de la tabla `persona`
--
ALTER TABLE `persona`
  ADD PRIMARY KEY (`id_persona`),
  ADD KEY `ix_tmp_autoinc` (`id_persona`),
  ADD KEY `fk_persona_beneficiario` (`id_beneficiario`),
  ADD KEY `fk_persona_tipopersona` (`id_tipo_persona`);

--
-- Indices de la tabla `sysdiagrams`
--
ALTER TABLE `sysdiagrams`
  ADD PRIMARY KEY (`diagram_id`),
  ADD UNIQUE KEY `uk_principal_name` (`principal_id`,`name`),
  ADD KEY `ix_tmp_autoinc` (`diagram_id`);

--
-- Indices de la tabla `tipopersona`
--
ALTER TABLE `tipopersona`
  ADD PRIMARY KEY (`id_tipo_persona`),
  ADD KEY `ix_tmp_autoinc` (`id_tipo_persona`);

--
-- Indices de la tabla `transacciones`
--
ALTER TABLE `transacciones`
  ADD PRIMARY KEY (`id_transacciones`),
  ADD KEY `ix_tmp_autoinc` (`id_transacciones`),
  ADD KEY `fk_transacciones_categoriabanco` (`id_cat_banco`),
  ADD KEY `fk_transacciones_ordencliente` (`id_ordencli`),
  ADD KEY `fk_transacciones_persona` (`id_persona`);

--
-- AUTO_INCREMENT de las tablas volcadas
--

--
-- AUTO_INCREMENT de la tabla `banco`
--
ALTER TABLE `banco`
  MODIFY `id_banco` int(11) NOT NULL AUTO_INCREMENT, AUTO_INCREMENT=3;

--
-- AUTO_INCREMENT de la tabla `beneficiario`
--
ALTER TABLE `beneficiario`
  MODIFY `id_beneficiario` int(11) NOT NULL AUTO_INCREMENT, AUTO_INCREMENT=3;

--
-- AUTO_INCREMENT de la tabla `categoriabanco`
--
ALTER TABLE `categoriabanco`
  MODIFY `id_cat_banco` int(11) NOT NULL AUTO_INCREMENT, AUTO_INCREMENT=3;

--
-- AUTO_INCREMENT de la tabla `detallecotizacion`
--
ALTER TABLE `detallecotizacion`
  MODIFY `id_detalle_cot` int(11) NOT NULL AUTO_INCREMENT;

--
-- AUTO_INCREMENT de la tabla `detallecotizacioncliente`
--
ALTER TABLE `detallecotizacioncliente`
  MODIFY `id_detalle_cot_cli` int(11) NOT NULL AUTO_INCREMENT, AUTO_INCREMENT=2;

--
-- AUTO_INCREMENT de la tabla `detalleorden`
--
ALTER TABLE `detalleorden`
  MODIFY `id_detalle_orden` int(11) NOT NULL AUTO_INCREMENT;

--
-- AUTO_INCREMENT de la tabla `distribucioncostos`
--
ALTER TABLE `distribucioncostos`
  MODIFY `id_dis` int(11) NOT NULL AUTO_INCREMENT, AUTO_INCREMENT=7;

--
-- AUTO_INCREMENT de la tabla `distribuciongastos`
--
ALTER TABLE `distribuciongastos`
  MODIFY `id_distribucion_gastos` int(11) NOT NULL AUTO_INCREMENT;

--
-- AUTO_INCREMENT de la tabla `email`
--
ALTER TABLE `email`
  MODIFY `id_email` int(11) NOT NULL AUTO_INCREMENT, AUTO_INCREMENT=6;

--
-- AUTO_INCREMENT de la tabla `estadoordencliente`
--
ALTER TABLE `estadoordencliente`
  MODIFY `id_estado` int(11) NOT NULL AUTO_INCREMENT, AUTO_INCREMENT=5;

--
-- AUTO_INCREMENT de la tabla `persona`
--
ALTER TABLE `persona`
  MODIFY `id_persona` int(11) NOT NULL AUTO_INCREMENT, AUTO_INCREMENT=6;

--
-- AUTO_INCREMENT de la tabla `sysdiagrams`
--
ALTER TABLE `sysdiagrams`
  MODIFY `diagram_id` int(11) NOT NULL AUTO_INCREMENT, AUTO_INCREMENT=2;

--
-- AUTO_INCREMENT de la tabla `tipopersona`
--
ALTER TABLE `tipopersona`
  MODIFY `id_tipo_persona` int(11) NOT NULL AUTO_INCREMENT, AUTO_INCREMENT=3;

--
-- AUTO_INCREMENT de la tabla `transacciones`
--
ALTER TABLE `transacciones`
  MODIFY `id_transacciones` int(11) NOT NULL AUTO_INCREMENT, AUTO_INCREMENT=20;

--
-- Restricciones para tablas volcadas
--

--
-- Filtros para la tabla `categoriabanco`
--
ALTER TABLE `categoriabanco`
  ADD CONSTRAINT `fk_categoriabanco_banco` FOREIGN KEY (`id_banco`) REFERENCES `banco` (`id_banco`);

--
-- Filtros para la tabla `cotizacioncliente`
--
ALTER TABLE `cotizacioncliente`
  ADD CONSTRAINT `fk_cotizacioncliente_persona` FOREIGN KEY (`id_persona`) REFERENCES `persona` (`id_persona`);

--
-- Filtros para la tabla `detallecotizacion`
--
ALTER TABLE `detallecotizacion`
  ADD CONSTRAINT `fk_detallecotizacion_cotizacion` FOREIGN KEY (`id_cotizacion`) REFERENCES `cotizacion` (`id_cotizacion`),
  ADD CONSTRAINT `fk_detallecotizacion_persona` FOREIGN KEY (`id_persona`) REFERENCES `persona` (`id_persona`);

--
-- Filtros para la tabla `detallecotizacioncliente`
--
ALTER TABLE `detallecotizacioncliente`
  ADD CONSTRAINT `fk_detallecotizacioncliente_cotizacioncliente` FOREIGN KEY (`id_cotcli`) REFERENCES `cotizacioncliente` (`id_cotcli`);

--
-- Filtros para la tabla `detalleorden`
--
ALTER TABLE `detalleorden`
  ADD CONSTRAINT `fk_detalleorden_ordencompra` FOREIGN KEY (`id_orden`) REFERENCES `ordencompra` (`id_orden`),
  ADD CONSTRAINT `fk_detalleorden_persona` FOREIGN KEY (`id_persona`) REFERENCES `persona` (`id_persona`);

--
-- Filtros para la tabla `distribucioncostos`
--
ALTER TABLE `distribucioncostos`
  ADD CONSTRAINT `fk_distribucioncostos_categoriabanco` FOREIGN KEY (`id_cat_banco`) REFERENCES `categoriabanco` (`id_cat_banco`),
  ADD CONSTRAINT `fk_distribucioncostos_ordencliente` FOREIGN KEY (`id_ordencli`) REFERENCES `ordencliente` (`id_ordencli`);

--
-- Filtros para la tabla `distribuciongastos`
--
ALTER TABLE `distribuciongastos`
  ADD CONSTRAINT `fk_distribuciongastos_banco` FOREIGN KEY (`id_banco`) REFERENCES `banco` (`id_banco`),
  ADD CONSTRAINT `fk_distribuciongastos_banco1` FOREIGN KEY (`id_banco`) REFERENCES `banco` (`id_banco`),
  ADD CONSTRAINT `fk_distribuciongastos_ordencliente` FOREIGN KEY (`id_ordencli`) REFERENCES `ordencliente` (`id_ordencli`);

--
-- Filtros para la tabla `email`
--
ALTER TABLE `email`
  ADD CONSTRAINT `fk_email_persona` FOREIGN KEY (`id_persona`) REFERENCES `persona` (`id_persona`);

--
-- Filtros para la tabla `ordencliente`
--
ALTER TABLE `ordencliente`
  ADD CONSTRAINT `fk_ordencliente_cotizacioncliente` FOREIGN KEY (`id_cotcli`) REFERENCES `cotizacioncliente` (`id_cotcli`),
  ADD CONSTRAINT `fk_ordencliente_cotizacioncliente1` FOREIGN KEY (`id_cotcli`) REFERENCES `cotizacioncliente` (`id_cotcli`),
  ADD CONSTRAINT `fk_ordencliente_estadoordencliente` FOREIGN KEY (`id_estado`) REFERENCES `estadoordencliente` (`id_estado`),
  ADD CONSTRAINT `fk_ordencliente_persona` FOREIGN KEY (`id_persona`) REFERENCES `persona` (`id_persona`);

--
-- Filtros para la tabla `persona`
--
ALTER TABLE `persona`
  ADD CONSTRAINT `fk_persona_beneficiario` FOREIGN KEY (`id_beneficiario`) REFERENCES `beneficiario` (`id_beneficiario`),
  ADD CONSTRAINT `fk_persona_tipopersona` FOREIGN KEY (`id_tipo_persona`) REFERENCES `tipopersona` (`id_tipo_persona`);

--
-- Filtros para la tabla `transacciones`
--
ALTER TABLE `transacciones`
  ADD CONSTRAINT `fk_transacciones_categoriabanco` FOREIGN KEY (`id_cat_banco`) REFERENCES `categoriabanco` (`id_cat_banco`),
  ADD CONSTRAINT `fk_transacciones_ordencliente` FOREIGN KEY (`id_ordencli`) REFERENCES `ordencliente` (`id_ordencli`),
  ADD CONSTRAINT `fk_transacciones_persona` FOREIGN KEY (`id_persona`) REFERENCES `persona` (`id_persona`);
COMMIT;

/*!40101 SET CHARACTER_SET_CLIENT=@OLD_CHARACTER_SET_CLIENT */;
/*!40101 SET CHARACTER_SET_RESULTS=@OLD_CHARACTER_SET_RESULTS */;
/*!40101 SET COLLATION_CONNECTION=@OLD_COLLATION_CONNECTION */;
