-- phpMyAdmin SQL Dump
-- version 5.1.1
-- https://www.phpmyadmin.net/
--
-- Servidor: 127.0.0.1
-- Tiempo de generaci칩n: 02-09-2021 a las 22:54:13
-- Versi칩n del servidor: 10.4.20-MariaDB
-- Versi칩n de PHP: 7.3.29

SET SQL_MODE = "NO_AUTO_VALUE_ON_ZERO";
START TRANSACTION;
SET time_zone = "+00:00";


/*!40101 SET @OLD_CHARACTER_SET_CLIENT=@@CHARACTER_SET_CLIENT */;
/*!40101 SET @OLD_CHARACTER_SET_RESULTS=@@CHARACTER_SET_RESULTS */;
/*!40101 SET @OLD_COLLATION_CONNECTION=@@COLLATION_CONNECTION */;
/*!40101 SET NAMES utf8mb4 */;

--
-- Base de datos: `semmarplataforma`
--

-- --------------------------------------------------------

--
-- Estructura de tabla para la tabla `banco`
--

CREATE TABLE `banco` (
  `id_banco` int(11) NOT NULL,
  `nombre_banco` varchar(50) DEFAULT NULL,
  `moneda_banco` varchar(50) DEFAULT NULL,
  `tipo_cuenta_banco` varchar(50) DEFAULT NULL
) ENGINE=InnoDB DEFAULT CHARSET=utf8mb4;

-- --------------------------------------------------------

--
-- Estructura de tabla para la tabla `beneficiario`
--

CREATE TABLE `beneficiario` (
  `id_beneficiario` int(11) NOT NULL,
  `nombre_ben` varchar(50) DEFAULT NULL
) ENGINE=InnoDB DEFAULT CHARSET=utf8mb4;

--
-- Volcado de datos para la tabla `beneficiario`
--

INSERT INTO `beneficiario` (`id_beneficiario`, `nombre_ben`) VALUES
(1, 'Cliente'),
(2, 'Proveedor');

-- --------------------------------------------------------

--
-- Estructura de tabla para la tabla `categoriabanco`
--

CREATE TABLE `categoriabanco` (
  `id_cat_banco` int(11) NOT NULL,
  `id_banco` int(11) DEFAULT NULL,
  `nombre_cate` varchar(50) DEFAULT NULL,
  `monto_actual` decimal(18,2) DEFAULT NULL,
  `monto_retirado` decimal(18,2) DEFAULT NULL
) ENGINE=InnoDB DEFAULT CHARSET=utf8mb4;

-- --------------------------------------------------------

--
-- Estructura de tabla para la tabla `cotizacion`
--

CREATE TABLE `cotizacion` (
  `id_cotizacion` varchar(20) NOT NULL,
  `cod_cot` varchar(30) DEFAULT NULL,
  `fecha_cot` varchar(25) DEFAULT NULL,
  `nombre_cot` varchar(50) DEFAULT NULL,
  `nota_cot` longtext DEFAULT NULL,
  `estado_cot` varchar(50) DEFAULT NULL
) ENGINE=InnoDB DEFAULT CHARSET=utf8mb4;

-- --------------------------------------------------------

--
-- Estructura de tabla para la tabla `cotizacioncliente`
--

CREATE TABLE `cotizacioncliente` (
  `id_cotcli` varchar(20) NOT NULL,
  `cod_cot` varchar(50) DEFAULT NULL,
  `id_persona` int(11) DEFAULT NULL,
  `cantidad_cotcli` int(11) DEFAULT NULL,
  `subtotal_cotcli` decimal(18,2) DEFAULT NULL,
  `igv_cotcli` decimal(18,2) DEFAULT NULL,
  `total_cotcli` decimal(18,2) DEFAULT NULL,
  `moneda_cotcli` varchar(20) DEFAULT NULL,
  `nota_cotcli` longtext DEFAULT NULL,
  `fecha_cotcli` varchar(25) DEFAULT NULL,
  `estado` varchar(20) DEFAULT NULL
) ENGINE=InnoDB DEFAULT CHARSET=utf8mb4;

--
-- Volcado de datos para la tabla `cotizacioncliente`
--

INSERT INTO `cotizacioncliente` (`id_cotcli`, `cod_cot`, `id_persona`, `cantidad_cotcli`, `subtotal_cotcli`, `igv_cotcli`, `total_cotcli`, `moneda_cotcli`, `nota_cotcli`, `fecha_cotcli`, `estado`) VALUES
('COT18124334', '0032032023', 1, 1, '9000.00', '1620.00', '10620.00', 'Soles', 'CONDICIONES Y TERMINOS\r\n- VALIDEZ DE LA OFERTA:\r\n- LOS PRECIOS INCLUYEN EL IGV\r\n- TIEMPO DE ENTREGA: 10 DIAS\r\n- FORMA DE PAGO: CREDITO COMERCIAL 30 DIAS\r\n- MONEDA: SOLES\r\n                    ', '2021-09-02 13:59:40', 'Pendiente'),
('COT19267413', '929219', 1, 1, '4000.00', '720.00', '4720.00', 'Soles', 'CONDICIONES Y TERMINOS\r\n- VALIDEZ DE LA OFERTA:\r\n- LOS PRECIOS INCLUYEN EL IGV\r\n- TIEMPO DE ENTREGA: 10 DIAS\r\n- FORMA DE PAGO: CREDITO COMERCIAL 30 DIAS\r\n- MONEDA: SOLES\r\n                    ', '2021-09-02 13:46:06', 'Pendiente'),
('COT51747458', '13233', 1, 1, '20.00', '0.00', '20.00', 'Soles', 'CONDICIONES Y TERMINOS\r\n- VALIDEZ DE LA OFERTA:\r\n- LOS PRECIOS INCLUYEN EL IGV\r\n- TIEMPO DE ENTREGA: 10 DIAS\r\n- FORMA DE PAGO: CREDITO COMERCIAL 30 DIAS\r\n- MONEDA: SOLES\r\n                    ', '2021-09-02 15:49:16', 'Pendiente'),
('COT57602352', '932932093200', 1, 3, '1000.00', '180.00', '1180.00', 'Soles', 'CONDICIONES Y TERMINOS\r\n- VALIDEZ DE LA OFERTA:\r\n- LOS PRECIOS INCLUYEN EL IGV\r\n- TIEMPO DE ENTREGA: 10 DIAS\r\n- FORMA DE PAGO: CREDITO COMERCIAL 30 DIAS\r\n- MONEDA: SOLES\r\n                    ', '2021-09-02 13:10:44', 'Pendiente'),
('COT69834087', '0032320', 1, 1, '200.00', '36.00', '236.00', 'Soles', 'CONDICIONES Y TERMINOS\r\n- VALIDEZ DE LA OFERTA:\r\n- LOS PRECIOS INCLUYEN EL IGV\r\n- TIEMPO DE ENTREGA: 10 DIAS\r\n- FORMA DE PAGO: CREDITO COMERCIAL 30 DIAS\r\n- MONEDA: SOLES\r\n                    ', '2021-09-02 15:44:28', 'Pendiente'),
('COT84988135', '2', 1, 1, '3490.00', '628.20', '4118.00', 'Soles', 'CONDICIONES Y TERMINOS\r\n- VALIDEZ DE LA OFERTA:\r\n- LOS PRECIOS INCLUYEN EL IGV\r\n- TIEMPO DE ENTREGA: 10 DIAS\r\n- FORMA DE PAGO: CREDITO COMERCIAL 30 DIAS\r\n- MONEDA: SOLES\r\n                    ', '2021-09-02 14:00:44', 'Pendiente'),
('COT85468536', '3', 1, 3, '7281.00', '1310.58', '8591.00', 'Soles', 'CONDICIONES Y TERMINOS\r\n- VALIDEZ DE LA OFERTA:\r\n- LOS PRECIOS INCLUYEN EL IGV\r\n- TIEMPO DE ENTREGA: 10 DIAS\r\n- FORMA DE PAGO: CREDITO COMERCIAL 30 DIAS\r\n- MONEDA: SOLES\r\n                    ', '2021-09-02 14:01:47', 'Pendiente'),
('COT90277401', 're23324432234', 1, 2, '228.00', '41.04', '269.00', 'Soles', 'CONDICIONES Y TERMINOS\r\n- VALIDEZ DE LA OFERTA:\r\n- LOS PRECIOS INCLUYEN EL IGV\r\n- TIEMPO DE ENTREGA: 10 DIAS\r\n- FORMA DE PAGO: CREDITO COMERCIAL 30 DIAS\r\n- MONEDA: SOLES\r\n                    ', '2021-09-01 19:44:01', 'Pendiente');

-- --------------------------------------------------------

--
-- Estructura de tabla para la tabla `detallecotizacion`
--

CREATE TABLE `detallecotizacion` (
  `id_detalle_cot` int(11) NOT NULL,
  `id_persona` int(11) DEFAULT NULL,
  `cod_det_cot` varchar(50) DEFAULT NULL,
  `id_cotizacion` varchar(20) DEFAULT NULL,
  `cantidad_det` int(11) DEFAULT NULL,
  `unidad_det` varchar(30) DEFAULT NULL,
  `desc_det` longtext DEFAULT NULL
) ENGINE=InnoDB DEFAULT CHARSET=utf8mb4;

-- --------------------------------------------------------

--
-- Estructura de tabla para la tabla `detallecotizacioncliente`
--

CREATE TABLE `detallecotizacioncliente` (
  `id_detalle_cot_cli` int(11) NOT NULL,
  `id_cotcli` varchar(20) DEFAULT NULL,
  `desc_det_cotcli` longtext DEFAULT NULL,
  `unidad_det_cotcli` varchar(20) DEFAULT NULL,
  `cantidad_det_cotcli` int(11) DEFAULT NULL,
  `precio_det_cotcli` decimal(18,2) DEFAULT NULL
) ENGINE=InnoDB DEFAULT CHARSET=utf8mb4;

--
-- Volcado de datos para la tabla `detallecotizacioncliente`
--

INSERT INTO `detallecotizacioncliente` (`id_detalle_cot_cli`, `id_cotcli`, `desc_det_cotcli`, `unidad_det_cotcli`, `cantidad_det_cotcli`, `precio_det_cotcli`) VALUES
(1, 'COT90277401', 'sin', 'Unidad', 1, '28.00'),
(2, 'COT90277401', 'perio', 'Unidad', 2, '100.00'),
(3, 'COT57602352', 'toque de misterio', 'Unidad', 10, '40.00'),
(4, 'COT57602352', 'nose cuanto', 'Unidad', 30, '10.00'),
(5, 'COT57602352', 'por que al estar', 'Unidad', 30, '10.00'),
(6, 'COT19267413', 'a ddiasu  dsuids hosdohvi asoi ihsdo hods hoids osdh osih o o침ish odih osdh osd so soid osdij osdij iosjvoisj jso ioso dsjio so sijo js oidj oisd jsidoj odsi jsdiojio j oisjio osdosd ', 'Unidad', 10, '400.00'),
(7, 'COT18124334', 'dkjj scoicoicsiosciojiiocsijocjicjiocsojjociocaiaoiojascj', 'Unidad', 3, '3000.00'),
(8, 'COT84988135', 'dkjj scoicoicsiosciojiiocsijocjicjiocsojjociocaiaoiojascj dkjj scoicoicsiosciojiiocsijocjicjiocsojjociocaiaoiojascj', 'Unidad', 10, '349.00'),
(9, 'COT85468536', 'dkjj scoicoicsiosciojiiocsijocjicjiocsojjociocaiaoiojascj', 'Unidad', 32, '30.00'),
(10, 'COT85468536', 'dkjj scoicoicsiosciojiiocsijocjicjiocsojjociocaiaoiojascjdkjj scoicoicsiosciojiiocsijocjicjiocsojjociocaiaoiojascj', 'Unidad', 39, '39.00'),
(11, 'COT85468536', 'dkjj scoicoicsiosciojiiocsijocjicjiocsojjociocaiaoiojascjdkjj scoicoicsiosciojiiocsijocjicjiocsojjociocaiaoiojascjdkjj scoicoicsiosciojiiocsijocjicjiocsojjociocaiaoiojascj', 'Unidad', 40, '120.00'),
(12, 'COT69834087', 'ewjnwejkeeidiedijdejie', 'Unidad', 10, '20.00'),
(13, 'COT51747458', 'iuecsui dus hsds', 'Unidad', 20, '1.00');

-- --------------------------------------------------------

--
-- Estructura de tabla para la tabla `detalleorden`
--

CREATE TABLE `detalleorden` (
  `id_detalle_orden` int(11) NOT NULL,
  `id_orden` varchar(20) DEFAULT NULL,
  `id_persona` int(11) DEFAULT NULL,
  `cantidad_ord` int(11) DEFAULT NULL,
  `unidad_ord` varchar(25) DEFAULT NULL,
  `desc_ord` longtext DEFAULT NULL,
  `precio_uni` decimal(18,2) DEFAULT NULL,
  `precio_total` decimal(18,2) DEFAULT NULL
) ENGINE=InnoDB DEFAULT CHARSET=utf8mb4;

-- --------------------------------------------------------

--
-- Estructura de tabla para la tabla `distribucioncostos`
--

CREATE TABLE `distribucioncostos` (
  `id_dis` int(11) NOT NULL,
  `id_ordencli` varchar(20) NOT NULL,
  `desc_dis` longtext DEFAULT NULL,
  `precio_dis` decimal(18,2) DEFAULT NULL,
  `categoria_dis` varchar(50) DEFAULT NULL,
  `fecha_dis` varchar(20) DEFAULT NULL
) ENGINE=InnoDB DEFAULT CHARSET=utf8mb4;

-- --------------------------------------------------------

--
-- Estructura de tabla para la tabla `distribuciongastos`
--

CREATE TABLE `distribuciongastos` (
  `id_distribucion_gastos` int(11) NOT NULL,
  `id_ordencli` varchar(20) DEFAULT NULL,
  `id_banco` int(11) DEFAULT NULL,
  `desc_gasto` varchar(50) DEFAULT NULL,
  `monto_gasto` decimal(18,2) DEFAULT NULL,
  `fecha_gasto` varchar(25) DEFAULT NULL
) ENGINE=InnoDB DEFAULT CHARSET=utf8mb4;

-- --------------------------------------------------------

--
-- Estructura de tabla para la tabla `email`
--

CREATE TABLE `email` (
  `id_email` int(11) NOT NULL,
  `id_persona` int(11) DEFAULT NULL,
  `email` varchar(30) DEFAULT NULL
) ENGINE=InnoDB DEFAULT CHARSET=utf8mb4;

-- --------------------------------------------------------

--
-- Estructura de tabla para la tabla `estadoordencliente`
--

CREATE TABLE `estadoordencliente` (
  `id_estado` int(11) NOT NULL,
  `nombre_estado` varchar(50) DEFAULT NULL
) ENGINE=InnoDB DEFAULT CHARSET=utf8mb4;

--
-- Volcado de datos para la tabla `estadoordencliente`
--

INSERT INTO `estadoordencliente` (`id_estado`, `nombre_estado`) VALUES
(1, 'Iniciado');

-- --------------------------------------------------------

--
-- Estructura de tabla para la tabla `ordencliente`
--

CREATE TABLE `ordencliente` (
  `id_ordencli` varchar(20) NOT NULL,
  `id_cotcli` varchar(20) DEFAULT NULL,
  `id_persona` int(11) DEFAULT NULL,
  `num_ordencli` varchar(20) DEFAULT NULL,
  `desc_ordencli` longtext DEFAULT NULL,
  `cantidad_ordencli` int(11) DEFAULT NULL,
  `precio_ordencli` decimal(18,2) DEFAULT NULL,
  `igv_ordencli` decimal(18,2) DEFAULT NULL,
  `subtotal_ordencli` decimal(18,2) DEFAULT NULL,
  `moneda_ordencli` varchar(20) DEFAULT NULL,
  `total_ordencli` decimal(18,2) DEFAULT NULL,
  `tipo_servicio` varchar(50) DEFAULT NULL,
  `numero_guia` varchar(20) DEFAULT NULL,
  `fecha_ordencli` varchar(20) DEFAULT NULL,
  `fecha_factura` varchar(20) DEFAULT NULL,
  `id_estado` int(11) DEFAULT NULL
) ENGINE=InnoDB DEFAULT CHARSET=utf8mb4;

-- --------------------------------------------------------

--
-- Estructura de tabla para la tabla `ordencompra`
--

CREATE TABLE `ordencompra` (
  `id_orden` varchar(20) NOT NULL,
  `nombre_ord` longtext DEFAULT NULL,
  `fecha_ord` varchar(20) DEFAULT NULL,
  `subtotal_ord` decimal(18,2) DEFAULT NULL,
  `igv_ord` decimal(18,2) DEFAULT NULL,
  `total_ord` decimal(18,2) DEFAULT NULL,
  `nota_ord` longtext DEFAULT NULL,
  `estado_ord` varchar(20) DEFAULT NULL
) ENGINE=InnoDB DEFAULT CHARSET=utf8mb4;

-- --------------------------------------------------------

--
-- Estructura de tabla para la tabla `persona`
--

CREATE TABLE `persona` (
  `id_persona` int(11) NOT NULL,
  `id_tipo_persona` int(11) DEFAULT NULL,
  `id_beneficiario` int(11) DEFAULT NULL,
  `razon_social` varchar(50) DEFAULT NULL,
  `representante` varchar(50) DEFAULT NULL,
  `ruc` varchar(20) DEFAULT NULL,
  `telefono` varchar(50) DEFAULT NULL,
  `estado` varchar(20) DEFAULT NULL
) ENGINE=InnoDB DEFAULT CHARSET=utf8mb4;

--
-- Volcado de datos para la tabla `persona`
--

INSERT INTO `persona` (`id_persona`, `id_tipo_persona`, `id_beneficiario`, `razon_social`, `representante`, `ruc`, `telefono`, `estado`) VALUES
(1, 1, 1, '1202121', 'hayduk', '932320230320', '932323923', 'activo');

-- --------------------------------------------------------

--
-- Estructura de tabla para la tabla `sysdiagrams`
--

CREATE TABLE `sysdiagrams` (
  `name` varchar(128) CHARACTER SET utf8 NOT NULL,
  `principal_id` int(11) NOT NULL,
  `diagram_id` int(11) NOT NULL,
  `version` int(11) DEFAULT NULL,
  `definition` longblob DEFAULT NULL
) ENGINE=InnoDB DEFAULT CHARSET=utf8mb4;

--
-- Volcado de datos para la tabla `sysdiagrams`
--

INSERT INTO `sysdiagrams` (`name`, `principal_id`, `diagram_id`, `version`, `definition`) VALUES
('Diagram_0', 1, 1, 1, 0xd0cf11e0a1b11ae1000000000000000000000000000000003e000300feff0900060000000000000000000000010000000100000000000000001000002900000001000000feffffff0000000000000000fffffffffffffffffffffffffffffffffffffffffffffffffffffffffffffffffffffffffffffffffffffffffffffffffffffffffffffffffffffffffffffffffffffffffffffffffffffffffffffffffffffffffffffffffffffffffffffffffffffffffffffffffffffffffffffffffffffffffffffffffffffffffffffffffffffffffffffffffffffffffffffffffffffffffffffffffffffffffffffffffffffffffffffffffffffffffffffffffffffffffffffffffffffffffffffffffffffffffffffffffffffffffffffffffffffffffffffffffffffffffffffffffffffffffffffffffffffffffffffffffffffffffffffffffffffffffffffffffffffffffffffffffffffffffffffffffffffffffffffffffffffffffffffffffffffffffffffffffffffffffffffffffffffffffffffffffffffffffffffffffffffffffffffffffffffffffffffffffffffffffffffffffffffffffffffffffffffffffffffffffffffffffffffffffffffffffffffffffffffffffffffffffffffffffffffffffffffffffffffffffffffffffffffffffffffffffffffffffffffffffffffffffffffffffffffffffdffffff2b000000030000000400000005000000060000000700000008000000090000000a000000feffffff0c0000000d0000000e0000000f000000100000001100000012000000130000001400000015000000160000001700000018000000190000001a0000001b0000001c0000001d0000001e0000001f000000200000002100000022000000230000002400000025000000260000002700000028000000fefffffffeffffff44000000feffffff2d0000002e0000002f000000300000003100000032000000330000003400000035000000360000003700000038000000390000003a0000003b0000003c0000003d0000003e0000003f00000040000000410000004200000043000000feffffff4500000046000000feffffffffffffffffffffffffffffffffffffffffffffffffffffffffffffffffffffffffffffffffffffffffffffffffffffffffffffffffffffffffffffffffffffffffffffffffffffffffffffffffffffffffffffffffffffffffffffffffffffffffffffffffffffffffffffffffffffffffffffffffffffffffffffffffffffffffffffffffffffffffffffffffffffffffffffffffffffffffffffffffffffffffffffffffffffffffffffffffffffffffffffffffffffffffffffffffffffffffffffffffffffffffffffffffffffffffffffffffffffffffffffffffffffffffffffff52006f006f007400200045006e00740072007900000000000000000000000000000000000000000000000000000000000000000000000000000000000000000016000500ffffffffffffffff020000000000000000000000000000000000000000000000000000000000000020f62707929fd7012a000000c0060000000000006600000000000000000000000000000000000000000000000000000000000000000000000000000000000000000000000000000000000000000000000000000004000201ffffffffffffffffffffffff00000000000000000000000000000000000000000000000000000000000000000000000002000000ea110000000000006f000000000000000000000000000000000000000000000000000000000000000000000000000000000000000000000000000000000000000000000000000000040002010100000004000000ffffffff0000000000000000000000000000000000000000000000000000000000000000000000000b000000f13b000000000000010043006f006d0070004f0062006a0000000000000000000000000000000000000000000000000000000000000000000000000000000000000000000000000012000201ffffffffffffffffffffffff000000000000000000000000000000000000000000000000000000000000000000000000000000005f00000000000000000430000a1e100c050000803e0000000f00ffff3e000000007d0000825600002f3d000005ba00001d8400004b90ffff10a7ffffde805b10f195d011b0a000aa00bdcb5c000008003000000000020000030000003c006b0000000900000000000000d9e6b0e91c81d011ad5100a0c90f5739f43b7f847f61c74385352986e1d552f8a0327db2d86295428d98273c25a2da2d00002800430000000000000053444dd2011fd1118e63006097d2df4834c9d2777977d811907000065b840d9c00002800430000000000000051444dd2011fd1118e63006097d2df4834c9d2777977d811907000065b840d9c37000000f810000000b7016100003000a509000007000080010000009c020000008000000500008053636847726964007cfcffff5aa6ffff42616e636f69640000003c00a50900000700008002000000b40200000080000011000080536368477269640084b8ffff62adffff436f74697a6163696f6e436c69656e746500000000003400a50900000700008003000000a6020000008000000a00008053636847726964007699ffffbce9ffff436f74697a6163696f6e000000003c00a50900000700008004000000b40200000080000011000080536368477269640014a1ffff32ceffff646574616c6c65636f74697a6163696f6e00000000003c00a50900000700008005000000b6020000008000001200008053636847726964006ceeffff5ce0ffff446973747269627563696f6e436f73746f73000000003c00a50900000700008006000000b60200000080000012000080536368477269640064e7ffff1ca8ffff446973747269627563696f6e476173746f73000000003400a50900000700008007000000aa020000008000000c0000805363684772696400fcd6ffff72bbffff4f7264656e436c69656e746500003400a50900000700008008000000a8020000008000000b000080536368477269640082c9ffffe8eaffff4f7264656e436f6d7072610000003400a50900000700008009000000aa020000008000000c0000805363684772696400baafffffbce9ffff446574616c6c654f7264656e00003000a5090000070000800a000000a002000000800000070000805363684772696400909dffff12b2ffff706572736f6e610000003400a5090000070000800b000000a8020000008000000b00008053636847726964002086ffff7cb1ffff5469706f506572736f6e610000003400a5090000070000800c000000aa020000008000000c0000805363684772696400a489ffff6eddffff42656e65666963696172696f00007400a5090000070000800d00000062000000018000004b000080436f6e74726f6c00cd9affffd6c7ffff52656c6174696f6e736869702027464b5f706572736f6e615f42656e65666963696172696f27206265747765656e202742656e65666963696172696f2720616e642027706572736f6e61270e00002800b5010000070000800e000000310000006100000002800000436f6e74726f6c00f49dffffafd4ffff00007400a5090000070000800f000000620000000180000049000080436f6e74726f6c002d98ffff2db1ffff52656c6174696f6e736869702027464b5f706572736f6e615f5469706f506572736f6e6127206265747765656e20275469706f506572736f6e612720616e642027706572736f6e6127007d0000002800b50100000700008010000000310000005f00000002800000436f6e74726f6c00078dffff23b3ffff00007c00a50900000700008011000000520000000180000053000080436f6e74726f6c00c7c1ffffe7e9ffff52656c6174696f6e736869702027464b5f446574616c6c654f7264656e5f4f7264656e436f6d70726127206265747765656e20274f7264656e436f6d7072612720616e642027446574616c6c654f7264656e270000002800b50100000700008012000000310000006900000002800000436f6e74726f6c008ebdffff77e9ffff00007400a509000007000080130000005a000000018000004b000080436f6e74726f6c009dafffff81c8ffff52656c6174696f6e736869702027464b5f446574616c6c654f7264656e5f706572736f6e6127206265747765656e2027706572736f6e612720616e642027446574616c6c654f7264656e270000002800b50100000700008014000000310000006100000002800000436f6e74726f6c0099b3ffff4ed1ffff00008800a5090000070000801600000052000000018000005f000080436f6e74726f6c00fbd5ffffb7b8ffff52656c6174696f6e736869702027464b5f4f7264656e436c69656e74655f436f74697a6163696f6e436c69656e746527206265747765656e2027436f74697a6163696f6e436c69656e74652720616e6420274f7264656e436c69656e7465270000002800b50100000700008017000000310000007500000002800000436f6e74726f6c0041d8ffffdcc9ffff00007400a5090000070000801900000052000000018000004b000080436f6e74726f6c009dafffff81c8ffff52656c6174696f6e736869702027464b5f4f7264656e436c69656e74655f706572736f6e6127206265747765656e2027706572736f6e612720616e6420274f7264656e436c69656e7465270000002800b5010000070000801a000000310000006100000002800000436f6e74726f6c00cabcffffc7caffff00008000a5090000070000801b000000520000000180000055000080436f6e74726f6c001ba7ffffdac7ffff52656c6174696f6e736869702027464b5f646574616c6c65636f74697a6163696f6e5f706572736f6e6127206265747765656e2027706572736f6e612720616e642027646574616c6c65636f74697a6163696f6e2705008000002800b5010000070000801c000000310000006b00000002800000436f6e74726f6c000498ffffb6cbffff00008400a5090000070000801d00000052000000018000005b000080436f6e74726f6c001ba7ffff7be1ffff52656c6174696f6e736869702027464b5f646574616c6c65636f74697a6163696f6e5f436f74697a6163696f6e27206265747765656e2027436f74697a6163696f6e2720616e642027646574616c6c65636f74697a6163696f6e270000002800b5010000070000801e000000310000007100000002800000436f6e74726f6c00e496ffff4de6ffff00007c00a50900000700008021000000520000000180000053000080436f6e74726f6c0071f9ffffdda8ffff52656c6174696f6e736869702027464b5f446973747269627563696f6e476173746f735f42616e636f27206265747765656e202742616e636f2720616e642027446973747269627563696f6e476173746f73270000002800b50100000700008022000000310000006900000002800000436f6e74726f6c0098f3ffff23abffff00008000a50900000700008023000000520000000180000055000080436f6e74726f6c009dafffff67c4ffff52656c6174696f6e736869702027464b5f436f74697a6163696f6e436c69656e74655f706572736f6e6127206265747765656e2027706572736f6e612720616e642027436f74697a6163696f6e436c69656e74652717008000002800b50100000700008024000000310000006b00000002800000436f6e74726f6c007dacffffadc6ffff00008800a50900000700008025000000520000000180000060000080436f6e74726f6c00fbd5ffffb7b8ffff52656c6174696f6e736869702027464b5f4f7264656e436c69656e74655f436f74697a6163696f6e436c69656e74653127206265747765656e2027436f74697a6163696f6e436c69656e74652720616e6420274f7264656e436c69656e74652700002800b50100000700008026000000310000007700000002800000436f6e74726f6c0041d8ffffdcc9ffff00008c00a509000007000080270000006a0000000180000061000080436f6e74726f6c0074dcffff12e5ffff52656c6174696f6e736869702027464b5f446973747269627563696f6e436f73746f735f4f7264656e436c69656e746527206265747765656e20274f7264656e436c69656e74652720616e642027446973747269627563696f6e436f73746f732700690000002800b50100000700008028000000310000007700000002800000436f6e74726f6c0064ddffff65ecffff00008c00a509000007000080290000006a0000000180000061000080436f6e74726f6c00fbd5ffffb6b8ffff52656c6174696f6e736869702027464b5f446973747269627563696f6e476173746f735f4f7264656e436c69656e746527206265747765656e20274f7264656e436c69656e74652720616e642027446973747269627563696f6e476173746f732700000000002800b5010000070000802a000000310000007700000002800000436f6e74726f6c00c8d6ffffdbb7ffff00007c00a5090000070000802b000000520000000180000054000080436f6e74726f6c0071f9ffffdda8ffff52656c6174696f6e736869702027464b5f446973747269627563696f6e476173746f735f42616e636f3127206265747765656e202742616e636f2720616e642027446973747269627563696f6e476173746f732700002800b5010000070000802c000000310000006b00000002800000436f6e74726f6c0042f3ffff23abffff00003000a5090000070000802d0000009c020000008000000500008053636847726964008a85ffffc0c7ffff456d61696c69640000006800a5090000070000802e00000052000000018000003d000080436f6e74726f6c009797ffffbfc6ffff52656c6174696f6e736869702027464b5f456d61696c5f706572736f6e6127206265747765656e2027706572736f6e612720616e642027456d61696c2700000000002800b5010000070000802f000000310000005300000002800000436f6e74726f6c004396ffff4fc6ffff00003c00a50900000700008030000000b60200000080000012000080536368477269640008bcffffb2a8ffff45737461646f4f7264656e436c69656e7465000000008c00a509000007000080310000005a0000000180000061000080436f6e74726f6c0031cdffff98afffff52656c6174696f6e736869702027464b5f4f7264656e436c69656e74655f45737461646f4f7264656e436c69656e746527206265747765656e202745737461646f4f7264656e436c69656e74652720616e6420274f7264656e436c69656e74652700000000002800b50100000700008032000000310000007700000002800000436f6e74726f6c007cb9ffff04bdffff00003800a50900000700008033000000ae020000008000000e000080536368477269640046050000eeb7ffff43617465676f72696142616e636f000000007400a5090000070000803700000052000000018000004b000080436f6e74726f6c004504000036b2ffff52656c6174696f6e736869702027464b5f43617465676f72696142616e636f5f42616e636f27206265747765656e202742616e636f2720616e64202743617465676f72696142616e636f270e00002800b50100000700008038000000310000006100000002800000436f6e74726f6c00a5f6ffffc2b5ffff00003800a50900000700008039000000ac020000008000000d0000805363684772696400fae7ffffb8c0ffff5472616e73616363696f6e657309000000008400a5090000070000803a00000052000000018000005b000080436f6e74726f6c0007faffffbfc6ffff52656c6174696f6e736869702027464b5f5472616e73616363696f6e65735f43617465676f72696142616e636f27206265747765656e202743617465676f72696142616e636f2720616e6420275472616e73616363696f6e6573270000002800b5010000070000803b000000310000007100000002800000436f6e74726f6c00c6f6ffff05c9ffff00004000a5090000070000803c000000c202000000800000180000805363684772696400d891ffffccacffff446574616c6c65436f74697a6163696f6e436c69656e74650000a000a5090000070000803d000000520000000180000077000080436f6e74726f6c00afb8ffff11aaffff52656c6174696f6e736869702027464b5f446574616c6c65436f74697a6163696f6e436c69656e74655f436f74697a6163696f6e436c69656e746527206265747765656e2027436f74697a6163696f6e436c69656e74652720616e642027446574616c6c65436f74697a6163696f6e436c69656e7465270000002800b5010000070000803e000000310000008d00000002800000436f6e74726f6c00b2a0ffff68acffff00000000000000000000000000000000000000000000214334120800000039130000930e0000785634120700000014010000420061006e0063006f0000000000000000000000c422000000000000c5220000000000000000000000000000000000002a000000000000000000000000000000000000000000000000000000000000000000000000000000000000000000000000000000000000000000000000000000000000000000000000000000000000000000000000000000000000000000000000000000000000000000000000000000000000000000000000000000000000000000000000000000000000000000000000000000000000000000000000000000000000000000000000000000000000000000000000000000000000000000000000000000000000000100000005000000540000002c0000002c0000002c00000034000000000000000000000022290000f3100000000000002d0100000d0000000c000000070000001c0100000609000062070000480300001a040000df020000ec04000027060000b103000027060000cb07000055050000000000000100000039130000930e000000000000030000000300000002000000020000001c010000150900000000000001000000391300003403000000000000000000000000000002000000020000001c010000060900000100000000000000391300003403000000000000000000000000000002000000020000001c010000060900000000000000000000d13100000923000000000000000000000d00000004000000040000001c01000006090000aa0a00009006000078563412040000005400000001000000010000000b000000000000000100000002000000030000000400000005000000060000000700000008000000090000000a00000004000000640062006f00000006000000420061006e0063006f0000002143341208000000222900003c2c000078563412070000001401000043006f00740069007a006100630069006f006e0043006c00690065006e007400650000009a99993e000000000000000000000000a9a8a83e0000003f000000000000000000000000adac2c3e3333333f000000000000000000000000e1e0603d6666663f000000000000000000000000c1c0403c0000803f00000000000000000000000000000000000000000000000000000000000000000000000000000000000000000000000000000000000000000000000000000000000000000000000000000000000000000000000000000000000000000000000000000000000000000000000000000000000000000000000000000000000000000000000005000000540000002c0000002c0000002c000000340000000000000000000000222900003c2c0000000000002d0100000d0000000c000000070000001c0100000609000062070000480300001a040000df020000ec04000027060000b103000027060000cb0700005505000000000000010000003913000061270000000000000c0000000c00000002000000020000001c010000150900000000000001000000391300003403000000000000000000000000000002000000020000001c010000060900000100000000000000391300003403000000000000000000000000000002000000020000001c010000060900000000000000000000d13100000923000000000000000000000d00000004000000040000001c01000006090000aa0a00009006000078563412040000006c00000001000000010000000b000000000000000100000002000000030000000400000005000000060000000700000008000000090000000a00000004000000640062006f0000001200000043006f00740069007a006100630069006f006e0043006c00690065006e007400650000002143341208000000391300008913000078563412070000001401000043006f00740069007a006100630069006f006e000000563fdcdb5b3feae9693f0000803f0000803fd7d6563fdcdb5b3feae9693f0000803f0000000000000000000000000000000000000000000000000000000000000000000000000000000000000000000000000000000000000000000000000000000000000000000000000000000000000000000000000000000000000000000000000000000000000000000000000000000000000000000000000000000000000000000000000000000000000000000000000000000000000000000000000000000000000000000000000000000000000000000000000000000000000000000000000100000005000000540000002c0000002c0000002c0000003400000000000000000000002229000064180000000000002d0100000d0000000c000000070000001c0100000609000062070000480300001a040000df020000ec04000027060000b103000027060000cb070000550500000000000001000000391300008913000000000000060000000600000002000000020000001c010000150900000000000001000000391300003403000000000000000000000000000002000000020000001c010000060900000100000000000000391300003403000000000000000000000000000002000000020000001c010000060900000000000000000000d13100000923000000000000000000000d00000004000000040000001c01000006090000aa0a00009006000078563412040000005e00000001000000010000000b000000000000000100000002000000030000000400000005000000060000000700000008000000090000000a00000004000000640062006f0000000b00000043006f00740069007a006100630069006f006e0000002143341208000000391300000416000078563412070000001401000064006500740061006c006c00650063006f00740069007a006100630069006f006e0000000000803fd7d6563fdcdb5b3feae9693f0000803f0000000000000000000000000000000000000000000000000000000000000000000000000000000000000000000000000000000000000000000000000000000000000000000000000000000000000000000000000000000000000000000000000000000000000000000000000000000000000000000000000000000000000000000000000000000000000000000000000000000000000000000000000000000000000000000000000000000000000000000000000000000000000000000000000100000005000000540000002c0000002c0000002c0000003400000000000000000000002229000009230000000000002d0100000d0000000c000000070000001c0100000609000062070000480300001a040000df020000ec04000027060000b103000027060000cb070000550500000000000001000000391300000416000000000000070000000700000002000000020000001c010000150900000000000001000000391300003403000000000000000000000000000002000000020000001c010000060900000100000000000000391300003403000000000000000000000000000002000000020000001c010000060900000000000000000000d13100000923000000000000000000000d00000004000000040000001c01000006090000aa0a00009006000078563412040000006c00000001000000010000000b000000000000000100000002000000030000000400000005000000060000000700000008000000090000000a00000004000000640062006f0000001200000064006500740061006c006c00650063006f00740069007a006100630069006f006e0000002143341208000000391300008913000078563412070000001401000044006900730074007200690062007500630069006f006e0043006f00730074006f0073000000803fd7d6563fdcdb5b3feae9693f0000803f0000003f000000000000000000000000adac2c3e3333333f000000000000000000000000e1e0603d6666663f000000000000000000000000c1c0403c0000803f00000000000000000000000000000000000000000000000000000000000000000000000000000000000000000000000000000000000000000000000000000000000000000000000000000000000000000000000000000000000000000000000000000000000000000000000000000000000000000000000000000000000000000100000005000000540000002c0000002c0000002c00000034000000000000000000000022290000e9150000000000002d0100000d0000000c000000070000001c0100000609000062070000480300001a040000df020000ec04000027060000b103000027060000cb070000550500000000000001000000391300008913000000000000050000000500000002000000020000001c010000150900000000000001000000391300003403000000000000000000000000000002000000020000001c010000060900000100000000000000391300003403000000000000000000000000000002000000020000001c010000060900000000000000000000d13100000923000000000000000000000d00000004000000040000001c01000006090000aa0a00009006000078563412040000006e00000001000000010000000b000000000000000100000002000000030000000400000005000000060000000700000008000000090000000a00000004000000640062006f0000001300000044006900730074007200690062007500630069006f006e0043006f00730074006f00730000002143341208000000391300002814000078563412070000001401000044006900730074007200690062007500630069006f006e0047006100730074006f00730000000000004070400000000000c070400000000000001440000000000000f03f00000000000000000000000001000000010000000000000000000000000000000000000000000000000000000000000000000000000000000000000000000000000000000000f03f0000000000000000983b47720000000000000000a03c4772d85847727040a81e7040a81e020000000200000000000000000000000090ee100000000002000000000020410000824300002041008084430000a0400000824300000000000000000000000000000000000000000100000005000000540000002c0000002c0000002c0000003400000000000000000000002229000009230000000000002d0100000d0000000c000000070000001c0100000609000062070000480300001a040000df020000ec04000027060000b103000027060000cb070000550500000000000001000000391300002814000000000000060000000600000002000000020000001c010000150900000000000001000000391300003403000000000000000000000000000002000000020000001c010000060900000100000000000000391300003403000000000000000000000000000002000000020000001c010000060900000000000000000000d13100000923000000000000000000000d00000004000000040000001c01000006090000aa0a00009006000078563412040000006e00000001000000010000000b000000000000000100000002000000030000000400000005000000060000000700000008000000090000000a00000004000000640062006f0000001300000044006900730074007200690062007500630069006f006e0047006100730074006f0073000000214334120800000039130000572c00007856341207000000140100004f007200640065006e0043006c00690065006e007400650000000000ce630200000000000000000000000000000000002b000000000000000000000000000000000000000000000000000000000000000000000000000000000000000000000000000000000000000000000000000000000000000000000000000000000000000000000000000000000000000000000000000000000000000000000000000000000000000000000000000000000000000000000000000000000000000000000000000000000000000000000000000000000000000000000000000000000000000000000000000000000000000000000000000000000000000100000005000000540000002c0000002c0000002c000000340000000000000000000000222900003c2c0000000000002d0100000d0000000c000000070000001c0100000609000062070000480300001a040000df020000ec04000027060000b103000027060000cb07000055050000000000000100000039130000572c0000000000000e0000000c00000002000000020000001c010000150900000000000001000000391300003403000000000000000000000000000002000000020000001c010000060900000100000000000000391300003403000000000000000000000000000002000000020000001c010000060900000000000000000000d13100000923000000000000000000000d00000004000000040000001c01000006090000aa0a00009006000078563412040000006200000001000000010000000b000000000000000100000002000000030000000400000005000000060000000700000008000000090000000a00000004000000640062006f0000000d0000004f007200640065006e0043006c00690065006e007400650000002143341208000000391300007f1800007856341207000000140100004f007200640065006e0043006f006d007000720061000000000000000000000000000000000000000000000000000000006071400000000000407040000000000000f03f00000000000000000000000001000000010000000000000000000000000000000000000000000000000000000000000000000000000000000000000000000000000000000000f03f0000000000000000983b47720000000000000000a03c4772d8584772583cfb0a583cfb0a020000000200000000000000000000000092ee10000000000200000000000000000000000000000000008243000082c30000000000000000000000000000000000000000000000000100000005000000540000002c0000002c0000002c0000003400000000000000000000002229000009230000000000002d0100000d0000000c000000070000001c0100000609000062070000480300001a040000df020000ec04000027060000b103000027060000cb070000550500000000000001000000391300007f18000000000000080000000800000002000000020000001c010000150900000000000001000000391300003403000000000000000000000000000002000000020000001c010000060900000100000000000000391300003403000000000000000000000000000002000000020000001c010000060900000000000000000000d13100000923000000000000000000000d00000004000000040000001c01000006090000aa0a00009006000078563412040000006000000001000000010000000b000000000000000100000002000000030000000400000005000000060000000700000008000000090000000a00000004000000640062006f0000000c0000004f007200640065006e0043006f006d0070007200610000002143341208000000391300007f18000078563412070000001401000044006500740061006c006c0065004f007200640065006e0000005b3feae9693f0000803f0000803fd7d6563fdcdb5b3feae9693f0000803f0000000000000000000000000000000000000000000000000000000000000000000000000000000000000000000000000000000000000000000000000000000000000000000000000000000000000000000000000000000000000000000000000000000000000000000000000000000000000000000000000000000000000000000000000000000000000000000000000000000000000000000000000000000000000000000000000000000000000000000000000000000000000000000000000100000005000000540000002c0000002c0000002c0000003400000000000000000000002229000009230000000000002d0100000d0000000c000000070000001c0100000609000062070000480300001a040000df020000ec04000027060000b103000027060000cb070000550500000000000001000000391300007f18000000000000080000000800000002000000020000001c010000150900000000000001000000391300003403000000000000000000000000000002000000020000001c010000060900000100000000000000391300003403000000000000000000000000000002000000020000001c010000060900000000000000000000d13100000923000000000000000000000d00000004000000040000001c01000006090000aa0a00009006000078563412040000006200000001000000010000000b000000000000000100000002000000030000000400000005000000060000000700000008000000090000000a00000004000000640062006f0000000d00000044006500740061006c006c0065004f007200640065006e0000002143341208000000391300007f18000078563412070000001401000070006500720073006f006e00610000001081f80a843dfb0a000000000000000000000000000000000000000000000000006071400000000000407040000000000000f03f00000000000000000000000001000000010000000000000000000000000000000000000000000000000000000000000000000000000000000000000000000000000000000000f03f0000000000000000983b47720000000000000000a03c4772d8584772a03dfb0aa03dfb0a02000000020000000000000000000000c090ee10000000000200000000000000000000000000000000008243000082c30000000000000000000000000000000000000000000000000100000005000000540000002c0000002c0000002c0000003400000000000000000000002229000009230000000000002d0100000d0000000c000000070000001c0100000609000062070000480300001a040000df020000ec04000027060000b103000027060000cb070000550500000000000001000000391300007f18000000000000080000000800000002000000020000001c010000150900000000000001000000391300003403000000000000000000000000000002000000020000001c010000060900000100000000000000391300003403000000000000000000000000000002000000020000001c010000060900000000000000000000d13100000923000000000000000000000d00000004000000040000001c01000006090000aa0a00009006000078563412040000005800000001000000010000000b000000000000000100000002000000030000000400000005000000060000000700000008000000090000000a00000004000000640062006f0000000800000070006500720073006f006e00610000002143341208000000391300009d0900007856341207000000140100005400690070006f0050006500720073006f006e0061000000dcdb5b3feae9693f0000803f0000803fd7d6563fdcdb5b3feae9693f0000803f0000000000000000000000000000000000000000000000000000000000000000000000000000000000000000000000000000000000000000000000000000000000000000000000000000000000000000000000000000000000000000000000000000000000000000000000000000000000000000000000000000000000000000000000000000000000000000000000000000000000000000000000000000000000000000000000000000000000000000000000000000000000000000000000000100000005000000540000002c0000002c0000002c0000003400000000000000000000002229000009230000000000002d0100000d0000000c000000070000001c0100000609000062070000480300001a040000df020000ec04000027060000b103000027060000cb070000550500000000000001000000391300009d09000000000000020000000200000002000000020000001c010000150900000000000001000000391300003403000000000000000000000000000002000000020000001c010000060900000100000000000000391300003403000000000000000000000000000002000000020000001c010000060900000000000000000000d13100000923000000000000000000000d00000004000000040000001c01000006090000aa0a00009006000078563412040000006000000001000000010000000b000000000000000100000002000000030000000400000005000000060000000700000008000000090000000a00000004000000640062006f0000000c0000005400690070006f0050006500720073006f006e00610000002143341208000000391300009d090000785634120700000014010000420065006e00650066006900630069006100720069006f0000000000bf310500000000000000000000000000000000002a000000000000000000000000000000000000000000000000000000000000000000000000000000000000000000000000000000000000000000000000000000000000000000000000000000000000000000000000000000000000000000000000000000000000000000000000000000000000000000000000000000000000000000000000000000000000000000000000000000000000000000000000000000000000000000000000000000000000000000000000000000000000000000000000000000000000000100000005000000540000002c0000002c0000002c0000003400000000000000000000002229000009230000000000002d0100000d0000000c000000070000001c0100000609000062070000480300001a040000df020000ec04000027060000b103000027060000cb070000550500000000000001000000391300009d09000000000000020000000200000002000000020000001c010000150900000000000001000000391300003403000000000000000000000000000002000000020000001c010000060900000100000000000000391300003403000000000000000000000000000002000000020000001c010000060900000000000000000000d13100000923000000000000000000000d00000004000000040000001c01000006090000aa0a00009006000078563412040000006200000001000000010000000b000000000000000100000002000000030000000400000005000000060000000700000008000000090000000a00000004000000640062006f0000000d000000420065006e00650066006900630069006100720069006f00000004000b00649cffff6eddffff649cffff00d4ffff269effff00d4ffff269effff91caffff0000000002000000f0f0f00000000000000000000000000000000000010000000e00000000000000f49dffffafd4ffff4a0d000058010000320000000100000200004a0d000058010000020000000000050000800800008001000000150001000000900144420100065461686f6d61170046004b005f0070006500720073006f006e0061005f00420065006e00650066006900630069006100720069006f0004000b005999ffff46baffff749bffff46baffff749bffffa8b2ffff909dffffa8b2ffff0000000002000000f0f0f00000000000000000000000000000000000010000001000000000000000078dffff23b3ffffbe0d0000580100003d000000010000020000be0d000058010000020000000000050000800800008001000000150001000000900144420100065461686f6d61160046004b005f0070006500720073006f006e0061005f005400690070006f0050006500720073006f006e00610002000b0082c9ffff7eebfffff3c2ffff7eebffff0000000002000000f0f0f000000000000000000000000000000000000100000012000000000000008ebdffff77e9ffff5911000058010000320000000100000200005911000058010000020000000000050000800800008001000000150001000000900144420100065461686f6d611b0046004b005f0044006500740061006c006c0065004f007200640065006e005f004f007200640065006e0043006f006d0070007200610003000b00c9b0ffff18caffff7ac2ffff18caffff7ac2ffffbce9ffff0000000002000000f0f0f0000000000000000000000000000000000001000000140000000000000099b3ffff4ed1ffff320e00005801000032000000010000020000320e000058010000020000000000050000800800008001000000150001000000900144420100065461686f6d61170046004b005f0044006500740061006c006c0065004f007200640065006e005f0070006500720073006f006e00610002000b0092d7ffff9ed9ffff92d7ffff72bbffff0000000002000000f0f0f0000000000000000000000000000000000001000000170000000000000041d8ffffdcc9ffff0913000058010000320000000100000200000913000058010000020000000000050000800800008001000000150001000000900144420100065461686f6d61210046004b005f004f007200640065006e0043006c00690065006e00740065005f0043006f00740069007a006100630069006f006e0043006c00690065006e007400650002000b00c9b0ffff18cafffffcd6ffff18caffff0000000002000000f0f0f00000000000000000000000000000000000010000001a00000000000000cabcffffc7caffff320e00005801000032000000010000020000320e000058010000020000000000050000800800008001000000150001000000900144420100065461686f6d61170046004b005f004f007200640065006e0043006c00690065006e00740065005f0070006500720073006f006e00610002000b00b2a8ffff91caffffb2a8ffff32ceffff0000000002000000f0f0f00000000000000000000000000000000000010000001c000000000000000498ffffb6cbffffff0f00005801000032000000010000020000ff0f000058010000020000000000050000800800008001000000150001000000900144420100065461686f6d611c0046004b005f0064006500740061006c006c00650063006f00740069007a006100630069006f006e005f0070006500720073006f006e00610002000b00b2a8ffffbce9ffffb2a8ffff36e4ffff0000000002000000f0f0f00000000000000000000000000000000000010000001e00000000000000e496ffff4de6ffff1f11000058010000320000000100000200001f11000058010000020000000000050000800800008001000000150001000000900144420100065461686f6d611f0046004b005f0064006500740061006c006c00650063006f00740069007a006100630069006f006e005f0043006f00740069007a006100630069006f006e0002000b007cfcffff74aaffff9dfaffff74aaffff0000000002000000f0f0f0000000000000000000000000000000000001000000220000000000000098f3ffff23abffffe20f00005801000032000000010000020000e20f000058010000020000000000050000800800008001000000150001000000900144420100065461686f6d611b0046004b005f0044006900730074007200690062007500630069006f006e0047006100730074006f0073005f00420061006e0063006f0002000b00c9b0fffffec5ffff84b8fffffec5ffff0000000002000000f0f0f000000000000000000000000000000000000100000024000000000000007dacffffadc6ffff5510000058010000320000000100000200005510000058010000020000000000050000800800008001000000150001000000900144420100065461686f6d611c0046004b005f0043006f00740069007a006100630069006f006e0043006c00690065006e00740065005f0070006500720073006f006e00610002000b0092d7ffff9ed9ffff92d7ffff72bbffff0000000002000000f0f0f0000000000000000000000000000000000001000000260000000000000041d8ffffdcc9ffffb61300005801000032000000010000020000b613000058010000020000000000050000800800008001000000150001000000900144420100065461686f6d61220046004b005f004f007200640065006e0043006c00690065006e00740065005f0043006f00740069007a006100630069006f006e0043006c00690065006e0074006500310005000b0030dfffffc9e7ffff30dfffff59e9ffffa0ddffff59e9ffffa0ddffff6ceeffff6ceeffff6ceeffff0000000002000000f0f0f0000000000000000000000000000000000001000000280000000000000064ddffff65ecffffb61300005801000032000000010000020000b613000058010000020000000000050000800800008001000000150001000000900144420100065461686f6d61220046004b005f0044006900730074007200690062007500630069006f006e0043006f00730074006f0073005f004f007200640065006e0043006c00690065006e007400650005000b0092d7ffff72bbffff92d7ffffe2b9ffffd4e5ffffe2b9ffffd4e5ffff72bbffff64e7ffff72bbffff0000000002000000f0f0f00000000000000000000000000000000000010000002a00000000000000c8d6ffffdbb7ffffb61300005801000032000000010000020000b613000058010000020000000000050000800800008001000000150001000000900144420100065461686f6d61220046004b005f0044006900730074007200690062007500630069006f006e0047006100730074006f0073005f004f007200640065006e0043006c00690065006e007400650002000b007cfcffff74aaffff9dfaffff74aaffff0000000002000000f0f0f00000000000000000000000000000000000010000002c0000000000000042f3ffff23abffff8f10000058010000320000000100000200008f10000058010000020000000000ffffff000800008001000000150001000000900144420100065461686f6d611c0046004b005f0044006900730074007200690062007500630069006f006e0047006100730074006f0073005f00420061006e0063006f0031002143341208000000391300003a0d000078563412070000001401000045006d00610069006c000000737c000000000000697c000000000000747c00000000000000000000000000000000000029000000000000000000000000000000000000000000000000000000000000000000000000000000000000000000000000000000000000000000000000000000000000000000000000000000000000000000000000000000000000000000000000000000000000000000000000000000000000000000000000000000000000000000000000000000000000000000000000000000000000000000000000000000000000000000000000000000000000000000000000000000000000000000000000000000000000000100000005000000540000002c0000002c0000002c0000003400000000000000000000002229000009230000000000002d0100000d0000000c000000070000001c0100000609000062070000480300001a040000df020000ec04000027060000b103000027060000cb070000550500000000000001000000391300003a0d000000000000030000000300000002000000020000001c010000150900000000000001000000391300003403000000000000000000000000000002000000020000001c010000060900000100000000000000391300003403000000000000000000000000000002000000020000001c010000060900000000000000000000d13100000923000000000000000000000d00000004000000040000001c01000006090000aa0a00009006000078563412040000005400000001000000010000000b000000000000000100000002000000030000000400000005000000060000000700000008000000090000000a00000004000000640062006f0000000600000045006d00610069006c00000002000b00909dffff56c8ffffc398ffff56c8ffff0000000002000000f0f0f00000000000000000000000000000000000010000002f000000000000004396ffff4fc6ffffcd0900005801000032000000010000020000cd09000058010000020000000000ffffff000800008001000000150001000000900144420100065461686f6d61100046004b005f0045006d00610069006c005f0070006500720073006f006e0061002143341208000000391300009d090000785634120700000014010000450073007400610064006f004f007200640065006e0043006c00690065006e007400650000000000004070400000000000c070400000000000001440000000000000f03f00000000000000000000000001000000010000000000000000000000000000000000000000000000000000000000000000000000000000000000000000000000000000000000f03f0000000000000000983b226d0000000000000000a03c226dd858226d585ee90f585ee90f0200000002000000000000000000000078cdba0f0000000002000000000020410000824300002041008084430000a0400000824300000000000000000000000000000000000000000100000005000000540000002c0000002c0000002c0000003400000000000000000000002229000009230000000000002d0100000d0000000c000000070000001c0100000609000062070000480300001a040000df020000ec04000027060000b103000027060000cb070000550500000000000001000000391300009d09000000000000020000000200000002000000020000001c010000150900000000000001000000391300003403000000000000000000000000000002000000020000001c010000060900000100000000000000391300003403000000000000000000000000000002000000020000001c010000060900000000000000000000d13100000923000000000000000000000d00000004000000040000001c01000006090000aa0a00009006000078563412040000006e00000001000000010000000b000000000000000100000002000000030000000400000005000000060000000700000008000000090000000a00000004000000640062006f00000013000000450073007400610064006f004f007200640065006e0043006c00690065006e0074006500000003000b00c8ceffff4fb2ffffc8ceffff60befffffcd6ffff60beffff0000000002000000f0f0f000000000000000000000000000000000000100000032000000000000007cb9ffff04bdffff9d14000058010000320000000100000200009d14000058010000020000000000ffffff000800008001000000150001000000900144420100065461686f6d61220046004b005f004f007200640065006e0043006c00690065006e00740065005f00450073007400610064006f004f007200640065006e0043006c00690065006e00740065002143341208000000391300000e110000785634120700000014010000430061007400650067006f00720069006100420061006e0063006f0000000000000000000000000000000000000000002a000000000000000000000000000000000000000000000000000000000000000000000000000000000000000000000000000000000000000000000000000000000000000000000000000000000000000000000000000000000000000000000000000000000000000000000000000000000000000000000000000000000000000000000000000000000000000000000000000000000000000000000000000000000000000000000000000000000000000000000000000000000000000000000000000000000000000100000005000000540000002c0000002c0000002c0000003400000000000000000000002229000009230000000000002d0100000d0000000c000000070000001c0100000609000062070000480300001a040000df020000ec04000027060000b103000027060000cb070000550500000000000001000000391300000e11000000000000050000000500000002000000020000001c010000150900000000000001000000391300003403000000000000000000000000000002000000020000001c010000060900000100000000000000391300003403000000000000000000000000000002000000020000001c010000060900000000000000000000d13100000923000000000000000000000d00000004000000040000001c01000006090000aa0a00009006000078563412040000006600000001000000010000000b000000000000000100000002000000030000000400000005000000060000000700000008000000090000000a00000004000000640062006f0000000f000000430061007400650067006f00720069006100420061006e0063006f00000002000b00dc050000edb4ffffdc050000eeb7ffff0000000002000000f0f0f00000000000000000000000000000000000010000003800000000000000a5f6ffffc2b5ffff880e00005801000032000000010000020000880e000058010000020000000000ffffff000800008001000000150001000000900144420100065461686f6d61170046004b005f00430061007400650067006f00720069006100420061006e0063006f005f00420061006e0063006f002143341208000000391300000e1100007856341207000000140100005400720061006e00730061006300630069006f006e00650073000000eae9693f0000803f0000803fd7d6563fdcdb5b3feae9693f0000803f0000000000000000000000000000000000000000000000000000000000000000000000000000000000000000000000000000000000000000000000000000000000000000000000000000000000000000000000000000000000000000000000000000000000000000000000000000000000000000000000000000000000000000000000000000000000000000000000000000000000000000000000000000000000000000000000000000000000000000000000000000000000000000000000000100000005000000540000002c0000002c0000002c0000003400000000000000000000002229000009230000000000002d0100000d0000000c000000070000001c0100000609000062070000480300001a040000df020000ec04000027060000b103000027060000cb070000550500000000000001000000391300000e11000000000000050000000500000002000000020000001c010000150900000000000001000000391300003403000000000000000000000000000002000000020000001c010000060900000100000000000000391300003403000000000000000000000000000002000000020000001c010000060900000000000000000000d13100000923000000000000000000000d00000004000000040000001c01000006090000aa0a00009006000078563412040000006400000001000000010000000b000000000000000100000002000000030000000400000005000000060000000700000008000000090000000a00000004000000640062006f0000000e0000005400720061006e00730061006300630069006f006e0065007300000002000b004605000056c8ffff33fbffff56c8ffff0000000002000000f0f0f00000000000000000000000000000000000010000003b00000000000000c6f6ffff05c9ffffed1200005801000032000000010000020000ed12000058010000020000000000ffffff000800008001000000150001000000900144420100065461686f6d611f0046004b005f005400720061006e00730061006300630069006f006e00650073005f00430061007400650067006f00720069006100420061006e0063006f002143341208000000222900000923000078563412070000001401000044006500740061006c006c00650043006f00740069007a006100630069006f006e0043006c00690065006e007400650000000000000000000000000000000000000000000000000000000000000000000000000000000000000000000000000000000000000000000000000000000000000000000000000000000000000000000000000000000000000000000000000000000000000000000000000000000000000000000000000000000000000000000000000000000000000000000000000000000000000000000000000000000000000000000000000000000000000000000000000000000000000000000000000000000000000000000000000005000000540000002c0000002c0000002c0000003400000000000000000000002229000009230000000000002d0100000d0000000c000000070000001c0100000609000062070000480300001a040000df020000ec04000027060000b103000027060000cb070000550500000000000001000000391300003403000000000000000000000000000002000000020000001c010000060900000000000001000000391300003403000000000000000000000000000002000000020000001c010000060900000100000000000000391300003403000000000000000000000000000002000000020000001c010000060900000000000000000000d13100000923000000000000000000000d00000004000000040000001c01000006090000aa0a00009006000078563412040000007a00000001000000010000000b000000000000000100000002000000030000000400000005000000060000000700000008000000090000000a00000004000000640062006f0000001900000044006500740061006c006c00650043006f00740069007a006100630069006f006e0043006c00690065006e0074006500000002000b0046baffff62adffff46baffffccacffff0000000002000000f0f0f00000000000000000000000000000000000010000003e00000000000000b2a0ffff68acffffe51800005801000031000000010000020000e518000058010000020000000000ffffff000800008001000000150001000000900144420100065461686f6d612d0046004b005f0044006500740061006c006c00650043006f00740069007a006100630069006f006e0043006c00690065006e00740065005f0043006f00740069007a006100630069006f006e0043006c00690065006e007400650000000000000000000000000000000001000000fefffffffeffffff0400000005000000060000000700000008000000090000000a0000000b0000000c0000000d0000000e0000000f00000010000000110000001200000013000000140000001500000016000000170000001800000019000000fefffffffeffffffffffffffffffffffffffffffffffffffffffffffffffffffffffffffffffffffffffffffffffffffffffffffffffffffffffffffffffffffffffffffffffffffffffffffffffffffffffffffffffffffffffffffffffffffffffffffffffffffffffffffffffffffffffffffffffffffffffffffffffffffffffffffffffffffffffffffffffffffffffffffffffffffffffffffffffffffffffffffffffffffffffffffffffffffffffffffffffffffffffffffffffffffffffffffffffffffffffffffffffffffffffffffffffffffffffffffffffffffffffffffffffffffffffffffffffffffffffffffffffffffffffffffffffffffffffffffffffffffffffffffffffffffffffffffffffffffffffffffffffffffffffffffffffffffffffffffffffffffffffffffffffffffffffffffffffffffffffffffffffffffffffffffffffffffffffffffffffffffffffffffffffffffffffffffffffffffffffffffffffffffffffffffffffffffffffffffffffffffffffffffffffffffffffffffffffffffffffffffffffffffffffffff0100feff030a0000ffffffff00000000000000000000000000000000170000004d6963726f736f66742044445320466f726d20322e300010000000456d626564646564204f626a6563740000000000f439b271000000000000000000000000000000000000000000000000000000000000000000000000000000000000000000010003000000000000000c0000000b0000004e61bc00000000000000000000000000000000000000000000000000000000000000000000000000000000000000dbe6b0e91c81d011ad5100a0c90f57390000020000021907929fd701020200001048450000000000000000000000000000000000c40100004400610074006100200053006f0075007200630065003d002e003b0049006e0069007400690061006c00200043006100740061006c006f0067003d00530065006d006d006100720050006c0061007400610066006f0072006d0061003b0049006e00740065006700720061007400650064002000530065006300750072006900740079003d0054007200750065003b004d0075006c007400690070006c00650041006300740069007600650052006500730075006c00740053006500740073003d00460061006c00730065003b0043006f006e006e006500630074002000540069006d0065006f00750074003d00330030003b0054007200750073007400530065007200760065000300440064007300530074007200650061006d000000000000000000000000000000000000000000000000000000000000000000000000000000000000000000160002000300000006000000ffffffff0000000000000000000000000000000000000000000000000000000000000000000000002c000000b32f00000000000053006300680065006d00610020005500440056002000440065006600610075006c0074000000000000000000000000000000000000000000000000000000000026000200ffffffffffffffffffffffff000000000000000000000000000000000000000000000000000000000000000000000000020000001600000000000000440053005200450046002d0053004300480045004d0041002d0043004f004e00540045004e0054005300000000000000000000000000000000000000000000002c0002010500000007000000ffffffff00000000000000000000000000000000000000000000000000000000000000000000000003000000b60500000000000053006300680065006d00610020005500440056002000440065006600610075006c007400200050006f007300740020005600360000000000000000000000000036000200ffffffffffffffffffffffff0000000000000000000000000000000000000000000000000000000000000000000000001a00000012000000000000000c0000004b90ffff10a7ffff0100260000007300630068005f006c006100620065006c0073005f00760069007300690062006c0065000000010000000b0000001e000000000000000000000000000000000000006400000000000000000000000000000000000000000000000000010000000100000000000000000000000000000000000000d00200000600280000004100630074006900760065005400610062006c00650056006900650077004d006f006400650000000100000008000400000031000000200000005400610062006c00650056006900650077004d006f00640065003a00300000000100000008003a00000034002c0030002c003200380034002c0030002c0032003300310030002c0031002c0031003800390030002c0035002c0031003200360030000000200000005400610062006c00650056006900650077004d006f00640065003a00310000000100000008001e00000032002c0030002c003200380034002c0030002c0032003300320035000000200000005400610062006c00650056006900650077004d006f00640065003a00320000000100000008001e00000032002c0030002c003200380034002c0030002c0032003300310030000000200000005400610062006c00650056006900650077004d006f00640065003a00330000000100000008001e00000032002c0030002c003200380034002c0030002c0032003300310030000000200000005400610062006c00650056006900650077004d006f00640065003a00340000000100000008003e00000034002c0030002c003200380034002c0030002c0032003300310030002c00310032002c0032003700330030002c00310031002c0031003600380030000000020000000200000000000000000000000000000000000000d00200000600280000004100630074006900760065005400610062006c00650056006900650077004d006f006400650000000100000008000400000030000000200000005400610062006c00650056006900650077004d006f00640065003a00300000000100000008003a00000034002c0030002c003200380034002c0030002c0032003300310030002c0031002c0031003800390030002c0035002c0031003200360030000000200000005400610062006c00650056006900650077004d006f00640065003a00310000000100000008001e00000032002c0030002c003200380034002c0030002c0032003300320035000000200000005400610062006c00650056006900650077004d006f00640065003a00320000000100000008001e00000032002c0030002c003200380034002c0030002c0032003300310030000000200000005400610062006c00650056006900650077004d006f00640065003a00330000000100000008001e00000032002c0030002c003200380034002c0030002c0032003300310030000000200000005400610062006c00650056006900650077004d006f00640065003a00340000000100000008003e00000034002c0030002c003200380034002c0030002c0032003300310030002c00310032002c0032003700330030002c00310031002c0031003600380030000000030000000300000000000000000000000000000000000000d00200000600280000004100630074006900760065005400610062006c00650056006900650077004d006f006400650000000100000008000400000031000000200000005400610062006c00650056006900650077004d006f00640065003a00300000000100000008003a00000034002c0030002c003200380034002c0030002c0032003300310030002c0031002c0031003800390030002c0035002c0031003200360030000000200000005400610062006c00650056006900650077004d006f00640065003a00310000000100000008001e00000032002c0030002c003200380034002c0030002c0032003300320035000000200000005400610062006c00650056006900650077004d006f00640065003a00320000000100000008001e00000032002c0030002c003200380034002c0030002c0032003300310030000000200000005400610062006c00650056006900650077004d006f00640065003a00330000000100000008001e00000032002c0030002c003200380034002c0030002c0032003300310030000000200000005400610062006c00650056006900650077004d006f00640065003a00340000000100000008003e00000034002c0030002c003200380034002c0030002c0032003300310030002c00310032002c0032003700330030002c00310031002c0031003600380030000000040000000400000000000000000000000000000000000000d00200000600280000004100630074006900760065005400610062006c00650056006900650077004d006f006400650000000100000008000400000031000000200000005400610062006c00650056006900650077004d006f00640065003a00300000000100000008003a00000034002c0030002c003200380034002c0030002c0032003300310030002c0031002c0031003800390030002c0035002c0031003200360030000000200000005400610062006c00650056006900650077004d006f00640065003a00310000000100000008001e00000032002c0030002c003200380034002c0030002c0032003300320035000000200000005400610062006c00650056006900650077004d006f00640065003a00320000000100000008001e00000032002c0030002c003200380034002c0030002c0032003300310030000000200000005400610062006c00650056006900650077004d006f00640065003a00330000000100000008001e00000032002c0030002c003200380034002c0030002c0032003300310030000000200000005400610062006c00650056006900650077004d006f00640065003a00340000000100000008003e00000034002c0030002c003200380034002c0030002c0032003300310030002c00310032002c0032003700330030002c00310031002c0031003600380030000000050000000500000000000000000000000000000000000000d00200000600280000004100630074006900760065005400610062006c00650056006900650077004d006f006400650000000100000008000400000031000000200000005400610062006c00650056006900650077004d006f00640065003a00300000000100000008003a00000034002c0030002c003200380034002c0030002c0032003300310030002c0031002c0031003800390030002c0035002c0031003200360030000000200000005400610062006c00650056006900650077004d006f00640065003a00310000000100000008001e00000032002c0030002c003200380034002c0030002c0032003300320035000000200000005400610062006c00650056006900650077004d006f00640065003a00320000000100000008001e00000032002c0030002c003200380034002c0030002c0032003300310030000000200000005400610062006c00650056006900650077004d006f00640065003a00330000000100000008001e00000032002c0030002c003200380034002c0030002c0032003300310030000000200000005400610062006c00650056006900650077004d006f00640065003a00340000000100000008003e00000034002c0030002c003200380034002c0030002c0032003300310030002c00310032002c0032003700330030002c00310031002c0031003600380030000000060000000600000000000000000000000000000000000000d00200000600280000004100630074006900760065005400610062006c00650056006900650077004d006f006400650000000100000008000400000031000000200000005400610062006c00650056006900650077004d006f00640065003a00300000000100000008003a00000034002c0030002c003200380034002c0030002c0032003300310030002c0031002c0031003800390030002c0035002c0031003200360030000000200000005400610062006c00650056006900650077004d006f00640065003a00310000000100000008001e00000032002c0030002c003200380034002c0030002c0032003300320035000000200000005400610062006c00650056006900650077004d006f00640065003a00320000000100000008001e00000032002c0030002c003200380034002c0030002c0032003300310030000000200000005400610062006c00650056006900650077004d006f00640065003a00330000000100000008001e00000032002c0030002c003200380034002c0030002c0032003300310030000000200000005400610062006c00650056006900650077004d006f00640065003a00340000000100000008003e00000034002c0030002c003200380034002c0030002c0032003300310030002c00310032002c0032003700330030002c00310031002c0031003600380030000000070000000700000000000000000000000000000000000000d00200000600280000004100630074006900760065005400610062006c00650056006900650077004d006f006400650000000100000008000400000031000000200000005400610062006c00650056006900650077004d006f00640065003a00300000000100000008003a00000034002c0030002c003200380034002c0030002c0032003300310030002c0031002c0031003800390030002c0035002c0031003200360030000000200000005400610062006c00650056006900650077004d006f00640065003a00310000000100000008001e00000032002c0030002c003200380034002c0030002c0032003300320035000000200000005400610062006c00650056006900650077004d006f00640065003a00320000000100000008001e00000032002c0030002c003200380034002c0030002c0032003300310030000000200000005400610062006c00650056006900650077004d006f00640065003a00330000000100000008001e00000032002c0030002c003200380034002c0030002c0032003300310030000000200000005400610062006c00650056006900650077004d006f00640065003a00340000000100000008003e00000034002c0030002c003200380034002c0030002c0032003300310030002c00310032002c0032003700330030002c00310031002c0031003600380030000000080000000800000000000000000000000000000000000000d00200000600280000004100630074006900760065005400610062006c00650056006900650077004d006f006400650000000100000008000400000031000000200000005400610062006c00650056006900650077004d006f00640065003a00300000000100000008003a00000034002c0030002c003200380034002c0030002c0032003300310030002c0031002c0031003800390030002c0035002c0031003200360030000000200000005400610062006c00650056006900650077004d006f00640065003a00310000000100000008001e00000032002c0030002c003200380034002c0030002c0032003300320035000000200000005400610062006c00650056006900650077004d006f00640065003a00320000000100000008001e00000032002c0030002c003200380034002c0030002c0032003300310030000000200000005400610062006c00650056006900650077004d006f00640065003a00330000000100000008001e00000032002c0030002c003200380034002c0030002c0032003300310030000000200000005400610062006c00650056006900650077004d006f00640065003a00340000000100000008003e00000034002c0030002c003200380034002c0030002c0032003300310030002c00310032002c0032003700330030002c00310031002c0031003600380030000000090000000900000000000000000000000000000000000000d00200000600280000004100630074006900760065005400610062006c00650056006900650077004d006f006400650000000100000008000400000031000000200000005400610062006c00650056006900650077004d006f00640065003a00300000000100000008003a00000034002c0030002c003200380034002c0030002c0032003300310030002c0031002c0031003800390030002c0035002c0031003200360030000000200000005400610062006c00650056006900650077004d006f00640065003a00310000000100000008001e00000032002c0030002c003200380034002c0030002c0032003300320035000000200000005400610062006c00650056006900650077004d006f00640065003a00320000000100000008001e00000032002c0030002c003200380034002c0030002c0032003300310030000000200000005400610062006c00650056006900650077004d006f00640065003a00330000000100000008001e00000032002c0030002c003200380034002c0030002c0032003300310030000000200000005400610062006c00650056006900650077004d006f00640065003a00340000000100000008003e00000034002c0030002c003200380034002c0030002c0032003300310030002c00310032002c0032003700330030002c00310031002c00310036003800300000000a0000000a00000000000000000000000000000000000000d00200000600280000004100630074006900760065005400610062006c00650056006900650077004d006f006400650000000100000008000400000031000000200000005400610062006c00650056006900650077004d006f00640065003a00300000000100000008003a00000034002c0030002c003200380034002c0030002c0032003300310030002c0031002c0031003800390030002c0035002c0031003200360030000000200000005400610062006c00650056006900650077004d006f00640065003a00310000000100000008001e00000032002c0030002c003200380034002c0030002c0032003300320035000000200000005400610062006c00650056006900650077004d006f00640065003a00320000000100000008001e00000032002c0030002c003200380034002c0030002c0032003300310030000000200000005400610062006c00650056006900650077004d006f00640065003a00330000000100000008001e00000032002c0030002c003200380034002c0030002c0032003300310030000000200000005400610062006c00650056006900650077004d006f00640065003a00340000000100000008003e00000034002c0030002c003200380034002c0030002c0032003300310030002c00310032002c0032003700330030002c00310031002c00310036003800300000000b0000000b00000000000000000000000000000000000000d00200000600280000004100630074006900760065005400610062006c00650056006900650077004d006f006400650000000100000008000400000031000000200000005400610062006c00650056006900650077004d006f00640065003a00300000000100000008003a00000034002c0030002c003200380034002c0030002c0032003300310030002c0031002c0031003800390030002c0035002c0031003200360030000000200000005400610062006c00650056006900650077004d006f00640065003a00310000000100000008001e00000032002c0030002c003200380034002c0030002c0032003300320035000000200000005400610062006c00650056006900650077004d006f00640065003a00320000000100000008001e00000032002c0030002c003200380034002c0030002c0032003300310030000000200000005400610062006c00650056006900650077004d006f00640065003a00330000000100000008001e00000032002c0030002c003200380034002c0030002c0032003300310030000000200000005400610062006c00650056006900650077004d006f00640065003a00340000000100000008003e00000034002c0030002c003200380034002c0030002c0032003300310030002c00310032002c0032003700330030002c00310031002c00310036003800300000000c0000000c00000000000000000000000000000000000000d00200000600280000004100630074006900760065005400610062006c00650056006900650077004d006f006400650000000100000008000400000031000000200000005400610062006c00650056006900650077004d006f00640065003a00300000000100000008003a00000034002c0030002c003200380034002c0030002c0032003300310030002c0031002c0031003800390030002c0035002c0031003200360030000000200000005400610062006c00650056006900650077004d006f00640065003a00310000000100000008001e00000032002c0030002c003200380034002c0030002c0032003300320035000000200000005400610062006c00650056006900650077004d006f00640065003a00320000000100000008001e00000032002c0030002c003200380034002c0030002c0032003300310030000000200000005400610062006c00650056006900650077004d006f00640065003a00330000000100000008001e00000032002c0030002c003200380034002c0030002c0032003300310030000000200000005400610062006c00650056006900650077004d006f00640065003a00340000000100000008003e00000034002c0030002c003200380034002c0030002c0032003300310030002c00310032002c0032003700330030002c00310031002c00310036003800300000000d0000000d0000000000000040000000013f316101000000640062006f00000046004b005f0070006500720073006f006e0061005f00420065006e00650066006900630069006100720069006f0000000000000000000000c402000000000e0000000e0000000d0000000800000001550e0e70550e0e0000000000000000ad0700000000000f0000000f000000000000003e000000013f316101000000640062006f00000046004b005f0070006500720073006f006e0061005f005400690070006f0050006500720073006f006e00610000000000000000000000c4020000000010000000100000000f00000008000000015b0e0ef05b0e0e0000000000000000ad07000000000011000000110000000000000048000000012a667201000000640062006f00000046004b005f0044006500740061006c006c0065004f007200640065006e005f004f007200640065006e0043006f006d0070007200610000000000000000000000c402000000001200000012000000110000000800000001590e0eb0590e0e0000000000000000ad07000000000013000000130000000000000040000000013f316101000000640062006f00000046004b005f0044006500740061006c006c0065004f007200640065006e005f0070006500720073006f006e00610000000000000000000000c4020000000014000000140000001300000008000000015a0e0eb05a0e0e0000000000000000ad0700000000001600000016000000000000005400000001b79a7201000000640062006f00000046004b005f004f007200640065006e0043006c00690065006e00740065005f0043006f00740069007a006100630069006f006e0043006c00690065006e007400650000000000000000000000c402000000001700000017000000160000000800000001550e0eb0550e0e0000000000000000ad07000000000019000000190000000000000040000000017f286101000000640062006f00000046004b005f004f007200640065006e0043006c00690065006e00740065005f0070006500720073006f006e00610000000000000000000000c402000000001a0000001a000000190000000800000001560e0e70560e0e0000000000000000ad0700000000001b0000001b000000000000004a00000001b2e77401000000640062006f00000046004b005f0064006500740061006c006c00650063006f00740069007a006100630069006f006e005f0070006500720073006f006e00610000000000000000000000c402000000001c0000001c0000001b00000008000000015b0e0eb05b0e0e0000000000000000ad0700000000001d0000001d00000000000000500000000100350001000000640062006f00000046004b005f0064006500740061006c006c00650063006f00740069007a006100630069006f006e005f0043006f00740069007a006100630069006f006e0000000000000000000000c402000000001e0000001e0000001d0000000800000001590e0e30590e0e0000000000000000ad07000000000021000000210000000000000048000000012a667201000000640062006f00000046004b005f0044006900730074007200690062007500630069006f006e0047006100730074006f0073005f00420061006e0063006f0000000000000000000000c402000000002200000022000000210000000800000001580e0eb0580e0e0000000000000000ad0700000000002300000023000000000000004a0000000100350001000000640062006f00000046004b005f0043006f00740069007a006100630069006f006e0043006c00690065006e00740065005f0070006500720073006f006e00610000000000000000000000c402000000002400000024000000230000000800000001580e0e70580e0e0000000000000000ad070000000000250000002500000000000000560000000100000001000000640062006f00000046004b005f004f007200640065006e0043006c00690065006e00740065005f0043006f00740069007a006100630069006f006e0043006c00690065006e0074006500310000000000000000000000c402000000002600000026000000250000000800000001580e0ef0580e0e0000000000000000ad070000000000270000002700000000000000560000000100000001000000640062006f00000046004b005f0044006900730074007200690062007500630069006f006e0043006f00730074006f0073005f004f007200640065006e0043006c00690065006e007400650000000000000000000000c402000000002800000028000000270000000800000001550e0e30550e0e0000000000000000ad070000000000290000002900000000000000560000000100000001000000640062006f00000046004b005f0044006900730074007200690062007500630069006f006e0047006100730074006f0073005f004f007200640065006e0043006c00690065006e007400650000000000000000000000c402000000002a0000002a000000290000000800000001540e0ef0540e0e0000000000000000ad0700000000002b0000002b000000000000004a0000000100350001000000640062006f00000046004b005f0044006900730074007200690062007500630069006f006e0047006100730074006f0073005f00420061006e0063006f00310000000000000000000000c402000000002c0000002c0000002b0000000800000001570e0eb0570e0e0000000000000000ad0700000000002d0000002d00000000000000000000000000000000000000d00200000600280000004100630074006900760065005400610062006c00650056006900650077004d006f006400650000000100000008000400000031000000200000005400610062006c00650056006900650077004d006f00640065003a00300000000100000008003a00000034002c0030002c003200380034002c0030002c0032003300310030002c0031002c0031003800390030002c0035002c0031003200360030000000200000005400610062006c00650056006900650077004d006f00640065003a00310000000100000008001e00000032002c0030002c003200380034002c0030002c0032003300320035000000200000005400610062006c00650056006900650077004d006f00640065003a00320000000100000008001e00000032002c0030002c003200380034002c0030002c0032003300310030000000200000005400610062006c00650056006900650077004d006f00640065003a00330000000100000008001e00000032002c0030002c003200380034002c0030002c0032003300310030000000200000005400610062006c00650056006900650077004d006f00640065003a00340000000100000008003e00000034002c0030002c003200380034002c0030002c0032003300310030002c00310032002c0032003700330030002c00310031002c00310036003800300000002e0000002e00000000000000320000000179737401000000640062006f00000046004b005f0045006d00610069006c005f0070006500720073006f006e00610000000000000000000000c402000000002f0000002f0000002e0000000800000001570e0e30570e0e0000000000000000ad070000000000300000003000000000000000000000000000000000000000d00200000600280000004100630074006900760065005400610062006c00650056006900650077004d006f006400650000000100000008000400000031000000200000005400610062006c00650056006900650077004d006f00640065003a00300000000100000008003a00000034002c0030002c003200380034002c0030002c0032003300310030002c0031002c0031003800390030002c0035002c0031003200360030000000200000005400610062006c00650056006900650077004d006f00640065003a00310000000100000008001e00000032002c0030002c003200380034002c0030002c0032003300320035000000200000005400610062006c00650056006900650077004d006f00640065003a00320000000100000008001e00000032002c0030002c003200380034002c0030002c0032003300310030000000200000005400610062006c00650056006900650077004d006f00640065003a00330000000100000008001e00000032002c0030002c003200380034002c0030002c0032003300310030000000200000005400610062006c00650056006900650077004d006f00640065003a00340000000100000008003e00000034002c0030002c003200380034002c0030002c0032003300310030002c00310032002c0032003700330030002c00310031002c0031003600380030000000310000003100000000000000560000000100000001000000640062006f00000046004b005f004f007200640065006e0043006c00690065006e00740065005f00450073007400610064006f004f007200640065006e0043006c00690065006e007400650000000000000000000000c402000000003200000032000000310000000800000001560e0ef0560e0e0000000000000000ad070000000000330000003300000000000000000000000000000000000000d00200000600280000004100630074006900760065005400610062006c00650056006900650077004d006f006400650000000100000008000400000031000000200000005400610062006c00650056006900650077004d006f00640065003a00300000000100000008003a00000034002c0030002c003200380034002c0030002c0032003300310030002c0031002c0031003800390030002c0035002c0031003200360030000000200000005400610062006c00650056006900650077004d006f00640065003a00310000000100000008001e00000032002c0030002c003200380034002c0030002c0032003300320035000000200000005400610062006c00650056006900650077004d006f00640065003a00320000000100000008001e00000032002c0030002c003200380034002c0030002c0032003300310030000000200000005400610062006c00650056006900650077004d006f00640065003a00330000000100000008001e00000032002c0030002c003200380034002c0030002c0032003300310030000000200000005400610062006c00650056006900650077004d006f00640065003a00340000000100000008003e00000034002c0030002c003200380034002c0030002c0032003300310030002c00310032002c0032003700330030002c00310031002c003100360038003000000037000000370000000000000040000000017f286101000000640062006f00000046004b005f00430061007400650067006f00720069006100420061006e0063006f005f00420061006e0063006f0000000000000000000000c4020000000038000000380000003700000008000000015b0e0e705b0e0e0000000000000000ad070000000000390000003900000000000000000000000000000000000000d00200000600280000004100630074006900760065005400610062006c00650056006900650077004d006f006400650000000100000008000400000031000000200000005400610062006c00650056006900650077004d006f00640065003a00300000000100000008003a00000034002c0030002c003200380034002c0030002c0032003300310030002c0031002c0031003800390030002c0035002c0031003200360030000000200000005400610062006c00650056006900650077004d006f00640065003a00310000000100000008001e00000032002c0030002c003200380034002c0030002c0032003300320035000000200000005400610062006c00650056006900650077004d006f00640065003a00320000000100000008001e00000032002c0030002c003200380034002c0030002c0032003300310030000000200000005400610062006c00650056006900650077004d006f00640065003a00330000000100000008001e00000032002c0030002c003200380034002c0030002c0032003300310030000000200000005400610062006c00650056006900650077004d006f00640065003a00340000000100000008003e00000034002c0030002c003200380034002c0030002c0032003300310030002c00310032002c0032003700330030002c00310031002c00310036003800300000003a0000003a000000000000005000000001b2e77401000000640062006f00000046004b005f005400720061006e00730061006300630069006f006e00650073005f00430061007400650067006f00720069006100420061006e0063006f0000000000000000000000c402000000003b0000003b0000003a00000008000000011efa0dd01efa0d0000000000000000ad0f00000100003c0000003c00000000000000000000000000000000000000d00200000600280000004100630074006900760065005400610062006c00650056006900650077004d006f006400650000000100000008000400000030000000200000005400610062006c00650056006900650077004d006f00640065003a00300000000100000008003a00000034002c0030002c003200380034002c0030002c0032003300310030002c0031002c0031003800390030002c0035002c0031003200360030000000200000005400610062006c00650056006900650077004d006f00640065003a00310000000100000008001e00000032002c0030002c003200380034002c0030002c0032003300310030000000200000005400610062006c00650056006900650077004d006f00640065003a00320000000100000008001e00000032002c0030002c003200380034002c0030002c0032003300310030000000200000005400610062006c00650056006900650077004d006f00640065003a00330000000100000008001e00000032002c0030002c003200380034002c0030002c0032003300310030000000200000005400610062006c00650056006900650077004d006f00640065003a00340000000100000008003e00000034002c0030002c003200380034002c0030002c0032003300310030002c00310032002c0032003700330030002c00310031002c00310036003800300000003d0000003d000000000000006c000000013f316101000000640062006f00000046004b005f0044006500740061006c006c00650043006f00740069007a006100630069006f006e0043006c00690065006e00740065005f0043006f00740069007a006100630069006f006e0043006c00690065006e007400650000000000000000000000c402000000003e0000003e0000003d0000000800000001b8fb0d80b8fb0d0000000000000000ad0f00000100005f0000002100000001000000060000004c000000470000002b00000001000000060000004c000000470000003700000001000000330000001f000000000000003d000000020000003c0000000400000088000000160000000200000007000000690000000000000025000000020000000700000069000000000000001d000000030000000400000032000000190000002700000007000000050000001b0000006e000000290000000700000006000000000000008000000011000000080000000900000040000000450000002e0000000a0000002d0000008a00000041000000130000000a00000009000000910000003e000000190000000a0000000700000091000000700000001b0000000a000000040000002500000018000000230000000a0000000200000083000000dc0000000f0000000b0000000a0000005d000000400000000d0000000c0000000a0000003e000000010000003100000030000000070000003f000000480000003a0000003300000039000000760000005900000000000000000000000000000000000000000000000000000000000000000000000000000000000000000000000000000000000000000000000000000000000000000000000000000000000000007200430065007200740069006600690063006100740065003d00460061006c00730065003b005000610063006b00650074002000530069007a0065003d0034003000390036003b004100700070006c00690063006100740069006f006e0020004e0061006d0065003d0022004d006900630072006f0073006f00660074002000530051004c00200053006500720076006500720020004d0061006e006100670065006d0065006e0074002000530074007500640069006f002200000000800500140000004400690061006700720061006d005f0030000000000226001e000000430061007400650067006f00720069006100420061006e0063006f00000008000000640062006f0000000002260026000000450073007400610064006f004f007200640065006e0043006c00690065006e0074006500000008000000640062006f000000000226000c00000045006d00610069006c00000008000000640062006f000000000226001a000000420065006e00650066006900630069006100720069006f00000008000000640062006f00000000022600180000005400690070006f0050006500720073006f006e006100000008000000640062006f000000000226001000000070006500720073006f006e006100000008000000640062006f000000000226001a00000044006500740061006c006c0065004f007200640065006e00000008000000640062006f00000000022600180000004f007200640065006e0043006f006d00700072006100000008000000640062006f000000000226001a0000004f007200640065006e0043006c00690065006e0074006500000008000000640062006f000000000226002600000044006900730074007200690062007500630069006f006e0047006100730074006f007300000008000000640062006f000000000226002600000044006900730074007200690062007500630069006f006e0043006f00730074006f007300000008000000640062006f000000000226002400000064006500740061006c006c00650063006f00740069007a006100630069006f006e00000008000000640062006f000000000226001600000043006f00740069007a006100630069006f006e00000008000000640062006f000000000226002400000043006f00740069007a006100630069006f006e0043006c00690065006e0074006500000008000000640062006f000000000226000c000000420061006e0063006f00000008000000640062006f000000000226001c0000005400720061006e00730061006300630069006f006e0065007300000008000000640062006f000000000224003200000044006500740061006c006c00650043006f00740069007a006100630069006f006e0043006c00690065006e0074006500000008000000640062006f00000001000000d68509b3bb6bf2459ab8371664f0327008004e0000007b00310036003300340043004400440037002d0030003800380038002d0034003200450033002d0039004600410032002d004200360044003300320035003600330042003900310044007d00000000000000000000000000010003000000000000000c0000000b00000000000000000000000000000000000000000000000000000000000000000000000000000000000000000000000000000000000000000000000000000000000000000000000000000000000000000000000000000000000000000000000000000000000000000000000000000000000000000000000000000000000000000000000000000000000000000000000000000000000000000000000000000000000000000000000000000000000000000000000000000000000000000000000000000000000000000000000000000000000000000000000000000000000000000000000000000000000000000000000000000000000000000000000000000000000000000000000000000000000000000000000000000000000000000000000000000000000000000000000000000000000000000000000000000000000000000000000000000000000000000000000000000000000000000000000000000000000000000000000000000000000000000062885214);

-- --------------------------------------------------------

--
-- Estructura de tabla para la tabla `tipopersona`
--

CREATE TABLE `tipopersona` (
  `id_tipo_persona` int(11) NOT NULL,
  `nombre_tipo` varchar(50) DEFAULT NULL
) ENGINE=InnoDB DEFAULT CHARSET=utf8mb4;

--
-- Volcado de datos para la tabla `tipopersona`
--

INSERT INTO `tipopersona` (`id_tipo_persona`, `nombre_tipo`) VALUES
(1, 'Natural'),
(2, 'Juridica');

-- --------------------------------------------------------

--
-- Estructura de tabla para la tabla `transacciones`
--

CREATE TABLE `transacciones` (
  `id_transacciones` int(11) NOT NULL,
  `id_cat_banco` int(11) DEFAULT NULL,
  `monto_tra` decimal(18,2) DEFAULT NULL,
  `tipo_tra` varchar(20) DEFAULT NULL,
  `fecha_tra` varchar(30) DEFAULT NULL
) ENGINE=InnoDB DEFAULT CHARSET=utf8mb4;

--
-- 칈ndices para tablas volcadas
--

--
-- Indices de la tabla `banco`
--
ALTER TABLE `banco`
  ADD PRIMARY KEY (`id_banco`),
  ADD KEY `ix_tmp_autoinc` (`id_banco`);

--
-- Indices de la tabla `beneficiario`
--
ALTER TABLE `beneficiario`
  ADD PRIMARY KEY (`id_beneficiario`),
  ADD KEY `ix_tmp_autoinc` (`id_beneficiario`);

--
-- Indices de la tabla `categoriabanco`
--
ALTER TABLE `categoriabanco`
  ADD PRIMARY KEY (`id_cat_banco`),
  ADD KEY `ix_tmp_autoinc` (`id_cat_banco`),
  ADD KEY `fk_categoriabanco_banco` (`id_banco`);

--
-- Indices de la tabla `cotizacion`
--
ALTER TABLE `cotizacion`
  ADD PRIMARY KEY (`id_cotizacion`);

--
-- Indices de la tabla `cotizacioncliente`
--
ALTER TABLE `cotizacioncliente`
  ADD PRIMARY KEY (`id_cotcli`),
  ADD KEY `fk_cotizacioncliente_persona` (`id_persona`);

--
-- Indices de la tabla `detallecotizacion`
--
ALTER TABLE `detallecotizacion`
  ADD PRIMARY KEY (`id_detalle_cot`),
  ADD KEY `ix_tmp_autoinc` (`id_detalle_cot`),
  ADD KEY `fk_detallecotizacion_cotizacion` (`id_cotizacion`),
  ADD KEY `fk_detallecotizacion_persona` (`id_persona`);

--
-- Indices de la tabla `detallecotizacioncliente`
--
ALTER TABLE `detallecotizacioncliente`
  ADD PRIMARY KEY (`id_detalle_cot_cli`),
  ADD KEY `ix_tmp_autoinc` (`id_detalle_cot_cli`),
  ADD KEY `fk_detallecotizacioncliente_cotizacioncliente` (`id_cotcli`);

--
-- Indices de la tabla `detalleorden`
--
ALTER TABLE `detalleorden`
  ADD PRIMARY KEY (`id_detalle_orden`),
  ADD KEY `ix_tmp_autoinc` (`id_detalle_orden`),
  ADD KEY `fk_detalleorden_ordencompra` (`id_orden`),
  ADD KEY `fk_detalleorden_persona` (`id_persona`);

--
-- Indices de la tabla `distribucioncostos`
--
ALTER TABLE `distribucioncostos`
  ADD PRIMARY KEY (`id_dis`),
  ADD KEY `ix_tmp_autoinc` (`id_dis`),
  ADD KEY `fk_distribucioncostos_ordencliente` (`id_ordencli`);

--
-- Indices de la tabla `distribuciongastos`
--
ALTER TABLE `distribuciongastos`
  ADD PRIMARY KEY (`id_distribucion_gastos`),
  ADD KEY `ix_tmp_autoinc` (`id_distribucion_gastos`),
  ADD KEY `fk_distribuciongastos_banco1` (`id_banco`),
  ADD KEY `fk_distribuciongastos_ordencliente` (`id_ordencli`);

--
-- Indices de la tabla `email`
--
ALTER TABLE `email`
  ADD PRIMARY KEY (`id_email`),
  ADD KEY `ix_tmp_autoinc` (`id_email`),
  ADD KEY `fk_email_persona` (`id_persona`);

--
-- Indices de la tabla `estadoordencliente`
--
ALTER TABLE `estadoordencliente`
  ADD PRIMARY KEY (`id_estado`),
  ADD KEY `ix_tmp_autoinc` (`id_estado`);

--
-- Indices de la tabla `ordencliente`
--
ALTER TABLE `ordencliente`
  ADD PRIMARY KEY (`id_ordencli`),
  ADD KEY `fk_ordencliente_cotizacioncliente1` (`id_cotcli`),
  ADD KEY `fk_ordencliente_estadoordencliente` (`id_estado`),
  ADD KEY `fk_ordencliente_persona` (`id_persona`);

--
-- Indices de la tabla `ordencompra`
--
ALTER TABLE `ordencompra`
  ADD PRIMARY KEY (`id_orden`);

--
-- Indices de la tabla `persona`
--
ALTER TABLE `persona`
  ADD PRIMARY KEY (`id_persona`),
  ADD KEY `ix_tmp_autoinc` (`id_persona`),
  ADD KEY `fk_persona_beneficiario` (`id_beneficiario`),
  ADD KEY `fk_persona_tipopersona` (`id_tipo_persona`);

--
-- Indices de la tabla `sysdiagrams`
--
ALTER TABLE `sysdiagrams`
  ADD PRIMARY KEY (`diagram_id`),
  ADD UNIQUE KEY `uk_principal_name` (`principal_id`,`name`),
  ADD KEY `ix_tmp_autoinc` (`diagram_id`);

--
-- Indices de la tabla `tipopersona`
--
ALTER TABLE `tipopersona`
  ADD PRIMARY KEY (`id_tipo_persona`),
  ADD KEY `ix_tmp_autoinc` (`id_tipo_persona`);

--
-- Indices de la tabla `transacciones`
--
ALTER TABLE `transacciones`
  ADD PRIMARY KEY (`id_transacciones`),
  ADD KEY `ix_tmp_autoinc` (`id_transacciones`),
  ADD KEY `fk_transacciones_categoriabanco` (`id_cat_banco`);

--
-- AUTO_INCREMENT de las tablas volcadas
--

--
-- AUTO_INCREMENT de la tabla `banco`
--
ALTER TABLE `banco`
  MODIFY `id_banco` int(11) NOT NULL AUTO_INCREMENT;

--
-- AUTO_INCREMENT de la tabla `beneficiario`
--
ALTER TABLE `beneficiario`
  MODIFY `id_beneficiario` int(11) NOT NULL AUTO_INCREMENT, AUTO_INCREMENT=3;

--
-- AUTO_INCREMENT de la tabla `categoriabanco`
--
ALTER TABLE `categoriabanco`
  MODIFY `id_cat_banco` int(11) NOT NULL AUTO_INCREMENT;

--
-- AUTO_INCREMENT de la tabla `detallecotizacion`
--
ALTER TABLE `detallecotizacion`
  MODIFY `id_detalle_cot` int(11) NOT NULL AUTO_INCREMENT;

--
-- AUTO_INCREMENT de la tabla `detallecotizacioncliente`
--
ALTER TABLE `detallecotizacioncliente`
  MODIFY `id_detalle_cot_cli` int(11) NOT NULL AUTO_INCREMENT, AUTO_INCREMENT=14;

--
-- AUTO_INCREMENT de la tabla `detalleorden`
--
ALTER TABLE `detalleorden`
  MODIFY `id_detalle_orden` int(11) NOT NULL AUTO_INCREMENT;

--
-- AUTO_INCREMENT de la tabla `distribucioncostos`
--
ALTER TABLE `distribucioncostos`
  MODIFY `id_dis` int(11) NOT NULL AUTO_INCREMENT;

--
-- AUTO_INCREMENT de la tabla `distribuciongastos`
--
ALTER TABLE `distribuciongastos`
  MODIFY `id_distribucion_gastos` int(11) NOT NULL AUTO_INCREMENT;

--
-- AUTO_INCREMENT de la tabla `email`
--
ALTER TABLE `email`
  MODIFY `id_email` int(11) NOT NULL AUTO_INCREMENT;

--
-- AUTO_INCREMENT de la tabla `estadoordencliente`
--
ALTER TABLE `estadoordencliente`
  MODIFY `id_estado` int(11) NOT NULL AUTO_INCREMENT, AUTO_INCREMENT=2;

--
-- AUTO_INCREMENT de la tabla `persona`
--
ALTER TABLE `persona`
  MODIFY `id_persona` int(11) NOT NULL AUTO_INCREMENT, AUTO_INCREMENT=2;

--
-- AUTO_INCREMENT de la tabla `sysdiagrams`
--
ALTER TABLE `sysdiagrams`
  MODIFY `diagram_id` int(11) NOT NULL AUTO_INCREMENT, AUTO_INCREMENT=2;

--
-- AUTO_INCREMENT de la tabla `tipopersona`
--
ALTER TABLE `tipopersona`
  MODIFY `id_tipo_persona` int(11) NOT NULL AUTO_INCREMENT, AUTO_INCREMENT=3;

--
-- AUTO_INCREMENT de la tabla `transacciones`
--
ALTER TABLE `transacciones`
  MODIFY `id_transacciones` int(11) NOT NULL AUTO_INCREMENT;

--
-- Restricciones para tablas volcadas
--

--
-- Filtros para la tabla `categoriabanco`
--
ALTER TABLE `categoriabanco`
  ADD CONSTRAINT `fk_categoriabanco_banco` FOREIGN KEY (`id_banco`) REFERENCES `banco` (`id_banco`);

--
-- Filtros para la tabla `cotizacioncliente`
--
ALTER TABLE `cotizacioncliente`
  ADD CONSTRAINT `fk_cotizacioncliente_persona` FOREIGN KEY (`id_persona`) REFERENCES `persona` (`id_persona`);

--
-- Filtros para la tabla `detallecotizacion`
--
ALTER TABLE `detallecotizacion`
  ADD CONSTRAINT `fk_detallecotizacion_cotizacion` FOREIGN KEY (`id_cotizacion`) REFERENCES `cotizacion` (`id_cotizacion`),
  ADD CONSTRAINT `fk_detallecotizacion_persona` FOREIGN KEY (`id_persona`) REFERENCES `persona` (`id_persona`);

--
-- Filtros para la tabla `detallecotizacioncliente`
--
ALTER TABLE `detallecotizacioncliente`
  ADD CONSTRAINT `fk_detallecotizacioncliente_cotizacioncliente` FOREIGN KEY (`id_cotcli`) REFERENCES `cotizacioncliente` (`id_cotcli`);

--
-- Filtros para la tabla `detalleorden`
--
ALTER TABLE `detalleorden`
  ADD CONSTRAINT `fk_detalleorden_ordencompra` FOREIGN KEY (`id_orden`) REFERENCES `ordencompra` (`id_orden`),
  ADD CONSTRAINT `fk_detalleorden_persona` FOREIGN KEY (`id_persona`) REFERENCES `persona` (`id_persona`);

--
-- Filtros para la tabla `distribucioncostos`
--
ALTER TABLE `distribucioncostos`
  ADD CONSTRAINT `fk_distribucioncostos_ordencliente` FOREIGN KEY (`id_ordencli`) REFERENCES `ordencliente` (`id_ordencli`);

--
-- Filtros para la tabla `distribuciongastos`
--
ALTER TABLE `distribuciongastos`
  ADD CONSTRAINT `fk_distribuciongastos_banco` FOREIGN KEY (`id_banco`) REFERENCES `banco` (`id_banco`),
  ADD CONSTRAINT `fk_distribuciongastos_banco1` FOREIGN KEY (`id_banco`) REFERENCES `banco` (`id_banco`),
  ADD CONSTRAINT `fk_distribuciongastos_ordencliente` FOREIGN KEY (`id_ordencli`) REFERENCES `ordencliente` (`id_ordencli`);

--
-- Filtros para la tabla `email`
--
ALTER TABLE `email`
  ADD CONSTRAINT `fk_email_persona` FOREIGN KEY (`id_persona`) REFERENCES `persona` (`id_persona`);

--
-- Filtros para la tabla `ordencliente`
--
ALTER TABLE `ordencliente`
  ADD CONSTRAINT `fk_ordencliente_cotizacioncliente` FOREIGN KEY (`id_cotcli`) REFERENCES `cotizacioncliente` (`id_cotcli`),
  ADD CONSTRAINT `fk_ordencliente_cotizacioncliente1` FOREIGN KEY (`id_cotcli`) REFERENCES `cotizacioncliente` (`id_cotcli`),
  ADD CONSTRAINT `fk_ordencliente_estadoordencliente` FOREIGN KEY (`id_estado`) REFERENCES `estadoordencliente` (`id_estado`),
  ADD CONSTRAINT `fk_ordencliente_persona` FOREIGN KEY (`id_persona`) REFERENCES `persona` (`id_persona`);

--
-- Filtros para la tabla `persona`
--
ALTER TABLE `persona`
  ADD CONSTRAINT `fk_persona_beneficiario` FOREIGN KEY (`id_beneficiario`) REFERENCES `beneficiario` (`id_beneficiario`),
  ADD CONSTRAINT `fk_persona_tipopersona` FOREIGN KEY (`id_tipo_persona`) REFERENCES `tipopersona` (`id_tipo_persona`);

--
-- Filtros para la tabla `transacciones`
--
ALTER TABLE `transacciones`
  ADD CONSTRAINT `fk_transacciones_categoriabanco` FOREIGN KEY (`id_cat_banco`) REFERENCES `categoriabanco` (`id_cat_banco`);
COMMIT;

/*!40101 SET CHARACTER_SET_CLIENT=@OLD_CHARACTER_SET_CLIENT */;
/*!40101 SET CHARACTER_SET_RESULTS=@OLD_CHARACTER_SET_RESULTS */;
/*!40101 SET COLLATION_CONNECTION=@OLD_COLLATION_CONNECTION */;
